Customer ID,Customer Name,Email Address,Phone Number,City,State,Country,Signup Date,Customer Type,Customer Status,Loyalty Points
101,Neha Sharma,NEHA.SHARMA@HOTMAIL.COM,938 908 3863,Bengaluru,Karnataka,India,2026-07-02,Gold,ACTIVE,106
102,Arjun Joshi,arjun.joshi@outlook.com,+91 9781618495,Chennai,Tamil Nadu,India,2024-04-09,Gold,ACTIVE,3733
103,Karan Patel,karan.patel@gmail.com,+91 9327648350,Coimbatore,Tamil Nadu,India,2024-08-02,Regular,ACTIVE,6572
104,Shreya Joshi,shreya.joshi@outlook.com,9965328710,New Delhi,Delhi,India,2024-09-09,Regular,INACTIVE,6916
105,Mahesh Jain,mahesh.jain@outlook.com,9462704828,Ahmedabad,Gujarat,India,2024-04-27,Gold,ACTIVE,8317
106,Suresh Singh,suresh.singh@outlook.com,+91 9430391171,Ahmedabad,Gujarat,India,2025-05-15,Regular,INACTIVE,9007
107,Anjali Nair,anjali.nair@hotmail.com,9509839301,Salem,Tamil Nadu,India,2025-10-27,Regular,ACTIVE,514
108,Nikhil Verma,nikhil.verma@hotmail.com,9631165667,Surat,Gujarat,India,2026-06-22,Gold,ACTIVE,1612
109,Neha Verma,neha.verma@gmail.com,981 080 1326,Mangalore,Karnataka,India,2025-04-18,Premium,ACTIVE,6570
110,Mahesh Sharma,mahesh.sharma@hotmail.com,+91 9781618495,New Delhi,Delhi,India,2026-01-18,Regular,ACTIVE,1312
111,Akash Patel,akash.patel@hotmail.com,954 353 4624,Pune,Maharashtra,India,2024-02-10,Premium,ACTIVE,-100
112,Rohit Nair,rohit.nair@hotmail.com,9980841241,Chennai,Tamil Nadu,India,2025-01-13,Gold,ACTIVE,4462
113,Deepak Verma,deepak.verma@gmail.com,9005242786,Rajkot,Gujarat,India,2026-07-18,Regular,ACTIVE,2442
114,Shreya Nair,shreya.nair@gmail.com,96923-22602,Chennai,Tamil Nadu,India,2024-08-03,Premium,ACTIVE,4065
115,Mahesh Sharma,NEHA.SHARMA@HOTMAIL.COM,9541458685,New Delhi,Delhi,India,2026-03-25,Regular,ACTIVE,4279
116,Amit Patel,amit.patel@yahoo.com,90883-56159,Salem,Tamil Nadu,India,2025-06-07,Gold,INACTIVE,4920
117,Deepak Kulkarni,deepak.kulkarni@yahoo.com,980 443 6995,Mangalore,Karnataka,India,2025-01-23,Premium,ACTIVE,3501
118,Rohit Gupta,rohit.gupta@outlook.com,+91 9003791769,Chennai,Tamil Nadu,India,2026-02-08,Gold,ACTIVE,8099
119,Rahul Patel,rahul.patel@gmail.com,988 957 9868,Rajkot,Gujarat,India,2024-09-12,Regular,ACTIVE,7777
120,Vikram Nair,vikram.nair@outlook.com,923 623 1665,New Delhi,Delhi,India,2024-08-28,Premium,ACTIVE,6883
121,Shreya Kulkarni,shreya.kulkarni@yahoo.com,9706562729,Salem,Tamil Nadu,India,2026-05-05,Premium,INACTIVE,444
122,Priya Reddy,priya.reddy@hotmail.com,9641708053,Coimbatore,Tamil Nadu,India,2024-12-11,Gold,ACTIVE,508
123,RAHUL JAIN,rahul.jain@yahoo.com,912 419 0496,Surat,Gujarat,India,2024-09-19,Gold,ACTIVE,9700
124,Neha Gupta,neha.gupta@gmail.com,96716-57262,Mumbai,Maharashtra,India,2025-03-14,Gold,INACTIVE,8817
125,Arjun Jain,arjun.jain@hotmail.com,95273-54549,Nagpur,Maharashtra,India,2024-09-06,REGULAR,INACTIVE,1402
126,Divya Nair,divya.nair@hotmail.com,99578-85685,New Delhi,Delhi,India,2024-04-05,Gold,ACTIVE,5023
127,Anjali Joshi,anjali.joshi@outlook.com,9435240824,Mysuru,Karnataka,India,2025-05-10,Regular,INACTIVE,2068
128,Neha Sharma,neha.sharma@hotmail.com,+91 9719022941,New Delhi,Delhi,India,2024-02-22,Regular,ACTIVE,6818
129,Nikhil Kulkarni,nikhil.kulkarni@gmail.com,9341232812,Rajkot,Gujarat,India,2025-09-27,Premium,ACTIVE,9729
130,Karan Gupta,karan.gupta@yahoo.com,92421-02499,New Delhi,Delhi,India,2024-09-27,Premium,ACTIVE,4982
131,NIKHIL NAIR,nikhil.nair@gmail.com,949 027 8742,New Delhi,Delhi,India,2024-01-27,Gold,INACTIVE,1494
132,Deepak Joshi,NEHA.SHARMA@HOTMAIL.COM,971 545 1680,Salem,Tamil Nadu,India,2024-10-22,Premium,INACTIVE,8494
133,Riya Sharma,riya.sharma@yahoo.com,908 613 1712,Salem,Tamil Nadu,India,2025-05-11,Gold,INACTIVE,4479
134,divya verma,NEHA.SHARMA@HOTMAIL.COM,940 449 9727,Surat,Gujarat,India,2024-10-09,Premium,ACTIVE,8903
135,Anjali Verma,anjali.verma@hotmail.com,9270289517,New Delhi,Delhi,India,2025-04-29,Gold,INACTIVE,251
136,Priya Patel,priya.patel@hotmail.com,978 091 3431,Salem,Tamil Nadu,India,2026-05-22,Regular,ACTIVE,1646
137,Rahul Sharma,rahul.sharma@yahoo.com,969 379 2374,Salem,Tamil Nadu,India,2025-06-27,Premium,ACTIVE,7622
138,Rohit Reddy,rohit.reddy@yahoo.com,913 695 9440,Salem,Tamil Nadu,India,2025-04-12,Reg,ACTIVE,9935
139,Karan Jain,karan.jain@yahoo.com,90470-95214,Hubli,Karnataka,India,2026-01-08,Gold,ACTIVE,3289
140,Nikhil Nair,nikhil.nair@outlook.com,91236-85160,Salem,Tamil Nadu,India,2024-10-29,Gold,ACTIVE,6038
141,Shreya Kulkarni,shreya.kulkarni@outlook.com,917 461 2004,Pune,Maharashtra,India,2025-09-26,Regular,INACTIVE,8807
142,Suresh Nair,suresh.nair@hotmail.com,95377-35158,Mangalore,Karnataka,India,2026-05-03,Regular,INACTIVE,3109
143,Rohit Verma,rohit.verma@yahoo.com,+91 9393352904,Mumbai,Maharashtra,India,2024-09-06,Regular,ACTIVE,2858
144,Priya Sharma,priya.sharma@hotmail.com,9775891783,Vadodara,Gujarat,India,2024-09-28,Gold,ACTIVE,8543
145,Amit Reddy,amit.reddy@gmail.com,92499-85698,Nashik,Maharashtra,India,2025-03-30,Premium,ACTIVE,7048
146,Aditya Verma,aditya.verma@gmail.com,9452711116,New Delhi,Delhi,India,2025-02-12,Gold,ACTIVE,2131
147,Neha Kulkarni,neha.kulkarni@gmail.com,+91 9731585149,New Delhi,Delhi,India,2025-09-06,Premium,ACTIVE,9121
148,Rahul Singh,rahul.singh@hotmail.com,90183-66752,,Tamil Nadu,India,2026-06-09,Premium,ACTIVE,9299
149,PRIYA SINGH,priya.singh@hotmail.com,9156149784,Salem,Tamil Nadu,India,2025-05-12,Regular,ACTIVE,9819
150,Pooja Verma,pooja.verma@yahoo.com,938 851 6060,Madurai,Tamil Nadu,India,2025-05-24,Regular,INACTIVE,9433
151,Arjun Gupta,arjun.gupta@hotmail.com,+91 9968164535,Mangalore,Karnataka,India,2026-07-30,Regular,ACTIVE,1868
152,Suresh Joshi,suresh.joshi@yahoo.com,+91 9781618495,Mysuru,Karnataka,India,2024-09-19,Regular,ACTIVE,7682
153, Vikram Jain,vikram.jain@gmail.com,979 807 9359,New Delhi,Delhi,India,2026-05-01,Gold,ACTIVE,1013
154,Rohit Nair,rohit.nair@hotmail.com,+91 9051518644,New Delhi,Delhi,India,2026-07-28,Premium,ACTIVE,2317
155,Mahesh Singh,mahesh.singh@gmail.com,+91 9505423573,Salem,Tamil Nadu,India,2024-12-02,Regular,ACTIVE,4846
156,Nikhil Nair,nikhil.nair@hotmail.com,99270-65379,Nagpur,Maharashtra,India,2025-09-24,Gold,ACTIVE,3833
157,Divya Verma,divya.verma@hotmail.com,9924075818,New Delhi,Delhi,India,2026-03-07,Premium,ACTIVE,2626
158,Arjun Patel,arjun.patel@outlook.com,95305-15220,New Delhi,Delhi,India,2025-02-28,Premium,INACTIVE,2273
159, riya jain,RIYA.JAIN@GMAIL.COM,+91 9971179808,Mangalore,Karnataka,India,2024-10-22,Gold,ACTIVE,-100
160,Karan Jain,karan.jain@gmail.com,96540-51531,Nagpur,Maharashtra,India,2025-06-22,Regular,ACTIVE,8945
161,Riya Reddy,riya.reddy@yahoo.com,94868-74034,Nashik,Maharashtra,India,2024-07-25,Regular,ACTIVE,5438
162,Arjun Kulkarni,arjun.kulkarni@outlook.com,9161692845,New Delhi,Delhi,India,2025-05-23,Regular,INACTIVE,4843
163,Sneha Reddy,sneha.reddy@gmail.com,+91 9820297021,Rajkot,Gujarat,India,2026-03-21,Gold,ACTIVE,6272
164,Akash Singh,akash.singh@outlook.com,93102-78681,Salem,Tamil Nadu,India,2025-08-10,Premium,ACTIVE,3515
165,Divya Verma,divya.verma@outlook.com,9884422583,New Delhi,Delhi,India,2025-03-31,Regular,ACTIVE,3878
166,Suresh Nair,suresh.nair@hotmail.com,986 691 2517,Surat,Gujarat,India,2024-03-29,Gold,ACTIVE,2102
167,Priya Kulkarni,priya.kulkarni@yahoo.com,9414384249,Pune,Maharashtra,India,2024-06-14,Gold,ACTIVE,9696
168,Sneha Jain,sneha.jain@outlook.com,969 078 4473,Ahmedabad,Gujarat,India,2024-01-30,Premium,INACTIVE,981
169,Divya Reddy,divya.reddy@hotmail.com,+91 9815371473,Madurai,Tamil Nadu,India,2026-05-31,Regular,INACTIVE,6293
170,Karan Singh,karan.singh@hotmail.com,9016873395,Coimbatore,Tamil Nadu,India,2025-05-25,Regular,INACTIVE,9789
171, Pooja Nair,pooja.nair@gmail.com,9841687849,Madurai,Tamil Nadu,India,2025-01-09,Regular,ACTIVE,6453
172,Aditya Joshi,aditya.joshi@outlook.com,92982-59526,Rajkot,Gujarat,India,2024-02-16,Gold,ACTIVE,8351
173,Divya Sharma,divya.sharma@gmail.com,999 309 7289,New Delhi,Delhi,India,2026-01-12,Regular,ACTIVE,3968
174,Anjali Sharma,anjali.sharma@hotmail.com,90283-85786,New Delhi,Delhi,India,2026-03-04,Regular,ACTIVE,8734
175,Vikram Jain,vikram.jain@yahoo.com,975 844 1986,Madurai,Tamil Nadu,India,2024-10-31,Premium,ACTIVE,2399
176,Rohit Joshi,rohit.joshi@outlook.com,993 308 3301,New Delhi,Delhi,India,2025-07-05,Premium,ACTIVE,1647
177,Rahul Nair,rahul.nair@outlook.com,919 380 2620,New Delhi,Delhi,India,2026-02-13,Premium,ACTIVE,4742
178,Pooja Jain,pooja.jain@hotmail.com,+91 9874315274,Madurai,Tamil Nadu,India,2025-10-18,Regular,ACTIVE,4833
179,Sneha Jain,sneha.jain@yahoo.com,9046374549,New Delhi,Delhi,India,2025-11-16,Premium,ACTIVE,3871
180,Riya Gupta,riya.gupta@yahoo.com,+91 9279568783,Chennai,Tamil Nadu,India,2024-10-29,Gold,ACTIVE,1341
181,Rohit Jain,rohit.jain@hotmail.com,997 187 0728,Surat,Gujarat,India,2024-06-02,Premium,ACTIVE,9155
182,rahul kulkarni,rahul.kulkarni@gmail.com,970 462 2656,Ahmedabad,Gujarat,India,2024-12-18,Premium,ACTIVE,8835
183,Neha Singh,neha.singh@outlook.com,+91 9686337524,Mysuru,Karnataka,India,2026-02-13,Gold,INACTIVE,527
184,AKASH SHARMA,akash.sharma@yahoo.com,90284-39599,New Delhi,Delhi,India,2024-02-15,Regular,ACTIVE,2347
185,Arjun Gupta,arjun.gupta@gmail.com,968 566 2462,Surat,Gujarat,India,2025-03-13,Regular,ACTIVE,4927
186,Riya Sharma,riya.sharma@gmail.com,9183046990,Surat,Gujarat,India,2024-09-18,Regular,ACTIVE,9626
187,Divya Verma,divya.verma@hotmail.com,93638-54678,Pune,Maharashtra,India,2026-01-29,Premium,INACTIVE,8401
188,Neha Reddy,neha.reddyyahoo.com,989 964 2353,Hubli,Karnataka,India,2024-02-16,Gold,ACTIVE,8180
189,Vikram Reddy,vikram.reddy@yahoo.com,+91 9808010062,New Delhi,Delhi,India,2026-03-25,Regular,INACTIVE,149
190,Suresh Sharma,suresh.sharma@gmail.com,+91 9408621182,Rajkot,Gujarat,India,2029-07-01,Regular,ACTIVE,4135
191,Mahesh Patel,mahesh.patel@gmail.com,+91 9016668700,Surat,Gujarat,India,2024-08-19,Regular,ACTIVE,7109
192,Shreya Patel,shreya.patel@hotmail.com,+91 9489025039,Mysuru,Karnataka,India,2025-12-09,Gold,ACTIVE,1260
193,Shreya Kulkarni,shreya.kulkarni@outlook.com,915 999 6504,New Delhi,Delhi,India,2025-12-06,Premium,INACTIVE,9060
194,Sneha Jain,sneha.jain@yahoo.com,9110475412,Bengaluru,Karnataka,India,2024-06-06,Regular,INACTIVE,9125
195,Neha Sharma,neha.sharma@hotmail.com,98398-26224,Vadodara,Gujarat,India,2024-01-13,Premium,ACTIVE,1036
196,Arjun Gupta,arjun.gupta@yahoo.com,95965-75692,Mangalore,Karnataka,India,2024-07-19,Premium,ACTIVE,3290
197,Mahesh Joshi,mahesh.joshi@hotmail.com,93982-80737,New Delhi,Delhi,India,2024-10-14,Gold,ACTIVE,6703
198,Pooja Verma,pooja.verma@hotmail.com,96805-89113,New Delhi,Delhi,India,2025-09-04,Regular,INACTIVE,725
199,deepak kulkarni,deepak.kulkarniyahoo.com,914 611 2545,Surat,Gujarat,India,2025-02-04,Regular,INACTIVE,5706
200, Riya Joshi,riya.joshi@yahoo.com,982 825 8673,Mumbai,Maharashtra,India,2025-10-25,Gold,ACTIVE,7080
201,riya jain,riya.jain@gmail.com,955 371 4785,Hubli,Karnataka,India,2026-04-08,Gold,INACTIVE,1871
202,Akash Singh,akash.singh@outlook.com,+91 9286692966,Chennai,Tamil Nadu,India,2024-11-16,Premium,INACTIVE,2838
203,Pooja Singh,pooja.singh@yahoo.com,9876767721,Ahmedabad,Gujarat,India,2024-01-10,Regular,ACTIVE,4503
204,Sneha Reddy,sneha.reddy@outlook.com,97836-13407,New Delhi,Delhi,India,2024-10-01,Premium,ACTIVE,1425
205,Karan Verma,karan.verma@yahoo.com,98498-25449,Salem,Tamil Nadu,India,2024-05-22,Gold,INACTIVE,1560
206,amit gupta,amit.gupta@hotmail.com,94667-11684,Mysuru,Karnataka,India,2026-04-28,Premium,ACTIVE,5362
207,Riya Joshi,riya.joshi@outlook.com,989 297 5001,New Delhi,Delhi,India,2026-04-24,Regular,ACTIVE,2588
208,Arjun Verma,arjun.verma@outlook.com,+91 9206436110,Coimbatore,Tamil Nadu,India,2026-06-16,Premium,INACTIVE,9726
209,Rahul Sharma,rahul.sharma@gmail.com,+91 9426221890,New Delhi,Delhi,India,2024-08-22,Premium,ACTIVE,3490
210,Arjun Jain,arjun.jain@hotmail.com,92341-38999,Mumbai,Maharashtra,India,2024-05-06,Premium Customer,ACTIVE,3366
211,Mahesh Gupta,mahesh.gupta@gmail.com,955 269 6582,Mangalore,Karnataka,India,2024-09-03,Reg,ACTIVE,225
212,Amit Kulkarni,amit.kulkarni@yahoo.com,983 285 6914,Rajkot,Gujarat,India,2025-02-15,Gold,ACTIVE,3909
213,Arjun Patel,arjun.patel@gmail.com,98842-52410,Coimbatore,Tamil Nadu,India,2025-12-25,Premium,ACTIVE,1046
214,divya reddy,divya.reddy@gmail.com,9003075622,Coimbatore,Tamil Nadu,India,2024-04-15,Gold,ACTIVE,6870
215,Arjun Joshi,arjun.joshi@gmail.com,+91 9744518705,Mumbai,Maharashtra,India,2026-04-03,Premium,ACTIVE,4979
216,Riya Joshi,riya.joshi@outlook.com,905 064 1383,Mysuru,Karnataka,India,2025-02-23,Premium,ACTIVE,2332
217,Amit Verma,amit.verma@yahoo.com,999 062 3445,Salem,Tamil Nadu,India,2024-03-27,Gold,ACTIVE,5345
218,KARAN PATEL,karan.patel@gmail.com,9374741124,Bengaluru,Karnataka,India,2025-04-22,Regular,ACTIVE,5370
219,Suresh Kulkarni,suresh.kulkarni@yahoo.com,9210032365,Coimbatore,Tamil Nadu,India,2025-02-18,Gold,ACTIVE,1228
220,Anjali Reddy,anjali.reddy@hotmail.com,+91 9781618495,Mumbai,Maharashtra,India,2024-02-21,Regular,INACTIVE,4026
221,Arjun Nair,arjun.nair@yahoo.com,90657-87598,Mangalore,Karnataka,India,2026-06-24,Premium,ACTIVE,427
222,Rahul Gupta,rahul.gupta@yahoo.com,90396-52239,Surat,Gujarat,India,2024-04-12,Gold,ACTIVE,9692
223,Shreya Jain,shreya.jainyahoo.com,9705932525,New Delhi,Delhi,India,2024-02-08,Regular,ACTIVE,2320
224,Rohit Joshi,rohit.joshi@yahoo.com,975 289 5392,Ahmedabad,Gujarat,India,2024-11-26,Premium,ACTIVE,4825
225,Shreya Kulkarni,shreya.kulkarni@yahoo.com,97251-35521,Ahmedabad,Gujarat,India,2024-11-21,REGULAR,ACTIVE,4088
226,Vikram Patel,vikram.patel@outlook.com,97932-71040,New Delhi,Delhi,India,2025-05-19,Premium,INACTIVE,1215
227,Sneha Patel,sneha.patel@gmail.com,99620-15336,Nagpur,Maharashtra,India,2025-09-20,Gold,INACTIVE,3891
228,Shreya Nair,shreya.nairhotmail.com,92417-14677,Chennai,Tamil Nadu,India,2024-10-28,Regular,INACTIVE,6349
229,Suresh Singh,suresh.singh@yahoo.com,915 869 3806,New Delhi,Delhi,India,2024-10-02,Gold,ACTIVE,7779
230, Divya Gupta,divya.gupta@yahoo.com,92061-63294,Surat,Gujarat,India,2026-02-14,Gold,INACTIVE,1097
231,Aditya Joshi,aditya.joshi@gmail.com,914 856 4679,Nashik,Maharashtra,India,2024-06-02,Regular,INACTIVE,6602
232,Amit Kulkarni,AMIT.KULKARNI@OUTLOOK.COM,94447-13247,Bengaluru,Karnataka,India,2026-07-31,Premium,ACTIVE,9911
233,Riya Verma,riya.verma@gmail.com,9289023303,New Delhi,Delhi,India,2025-06-11,Premium,ACTIVE,5904
234,Suresh Reddy,suresh.reddy@yahoo.com,9855241406,Mumbai,Maharashtra,India,2025-05-15,Regular,ACTIVE,3511
235,Anjali Gupta,anjali.gupta@gmail.com,94466-57437,Nashik,Maharashtra,India,2025-10-24,Gold,ACTIVE,6506
236,Nikhil Joshi,nikhil.joshi@outlook.com,94432-83096,Madurai,Tamil Nadu,India,2025-05-08,Gold,ACTIVE,417
237,Vikram Kulkarni,vikram.kulkarni@hotmail.com,98428-24172,Surat,Gujarat,India,2025-12-31,Gold,ACTIVE,2999
238,Rohit Verma,NEHA.SHARMA@HOTMAIL.COM,+91 9781618495,Salem,Tamil Nadu,India,2024-12-05,Gold,ACTIVE,885
239,Priya Verma,priya.verma@gmail.com,+91 9250074329,New Delhi,Delhi,India,2026-01-02,Premium,INACTIVE,1442
240,Arjun Kulkarni,arjun.kulkarni@gmail.com,9830033542,Mumbai,Maharashtra,India,2026-01-18,Premium,ACTIVE,5015
241,Pooja Gupta,pooja.gupta@outlook.com,+91 9326033230,Vadodara,Gujarat,India,2025-12-04,Regular,ACTIVE,612
242, Aditya Jain,aditya.jain@gmail.com,+91 9230461849,Mumbai,Maharashtra,India,2025-03-02,Premium,ACTIVE,1718
243,Pooja Patel,pooja.patel@yahoo.com,9208737530,Surat,Gujarat,India,2026-05-01,Gold,INACTIVE,1809
244,PRIYA PATEL,priya.patel@gmail.com,+91 9045561100,Coimbatore,Tamil Nadu,India,2024-10-30,Gold,INACTIVE,5384
245,Akash Gupta,akash.gupta@hotmail.com,962 120 2169,Bengaluru,Karnataka,India,2025-04-12,Gold,ACTIVE,2969
246,Akash Sharma,AKASH.SHARMA@HOTMAIL.COM,9508993588,Mangalore,Karnataka,India,2024-04-25,Premium,INACTIVE,4072
247,Priya Nair,priya.nair@yahoo.com,+91 9354083866,Pune,Maharashtra,India,2025-04-25,Regular,INACTIVE,9388
248,Riya Joshi,riya.joshi@gmail.com,+91 9948837550,Mumbai,Maharashtra,India,2024-02-06,Premium,ACTIVE,9829
249,Riya Patel,riya.patel@outlook.com,+91 9102726149,Nagpur,Maharashtra,India,2025-10-10,Regular,ACTIVE,6437
250,DEEPAK PATEL,DEEPAK.PATEL@HOTMAIL.COM,9869782922,New Delhi,Delhi,India,2025-05-31,Premium,INACTIVE,9931
251,Arjun Jain,arjun.jain@yahoo.com,98485-83339,Salem,Tamil Nadu,India,2024-10-28,Gold,ACTIVE,2173
252,Nikhil Nair,nikhil.nair@hotmail.com,9846081062,Nagpur,Maharashtra,India,2025-08-19,Gold,ACTIVE,4374
253,Pooja Gupta,pooja.gupta@yahoo.com,9384066658,Bengaluru,Karnataka,India,2025-04-08,Regular,INACTIVE,3327
254,Karan Joshi,karan.joshi@yahoo.com,+91 9281606484,Surat,Gujarat,India,2024-07-17,Regular,INACTIVE,-100
255,Priya Sharma,priya.sharma@gmail.com,932 818 2688,Nagpur,Maharashtra,India,2025-08-09,Regular,ACTIVE,3495
256,Suresh Gupta,suresh.gupta@gmail.com,93993-05616,Rajkot,Gujarat,India,2026-04-23,Gold,ACTIVE,404
257,nikhil nair,nikhil.nair@gmail.com,936 138 6120,Chennai,Tamil Nadu,India,2024-06-20,Gold,ACTIVE,1433
258,Vikram Nair ,vikram.nair@gmail.com,90919-01581,New Delhi,Delhi,India,2025-02-18,Gold,INACTIVE,1417
259,mahesh kulkarni,mahesh.kulkarni@outlook.com,950 882 1009,Surat,Gujarat,India,2025-02-04,Gold,ACTIVE,1394
260,Anjali Kulkarni,anjali.kulkarni@yahoo.com,9908781414,Mysuru,Karnataka,India,2025-09-23,Regular,ACTIVE,7982
261,Priya Verma,priya.verma@outlook.com,995 562 0533,Hubli,Karnataka,India,2024-12-02,Premium,ACTIVE,2200
262,Divya Reddy,divya.reddy@outlook.com,983 411 0809,New Delhi,Delhi,India,2025-09-13,Gold,INACTIVE,600
263,Priya Joshi,NEHA.SHARMA@HOTMAIL.COM,+91 9392827229,Vadodara,Gujarat,India,2025-05-28,Gold,INACTIVE,5878
264,Karan Patel,KARAN.PATEL@GMAIL.COM,918 449 8926,Hubli,Karnataka,India,2026-07-28,Premium,INACTIVE,1275
265,Karan Nair,karan.nair@yahoo.com,+91 9843222591,Salem,Tamil Nadu,India,2026-06-27,Premium,INACTIVE,1856
266,Divya Verma,divya.verma@yahoo.com,9920242869,New Delhi,Delhi,India,2024-05-10,Gold,ACTIVE,4644
267,Riya Jain,riya.jain@yahoo.com,+91 9257991366,Mysuru,Karnataka,India,2025-09-07,VIP+,ACTIVE,8263
268,Akash Patel,akash.patel@gmail.com,998 068 6508,Ahmedabad,Gujarat,India,2025-06-28,Regular,INACTIVE,7899
269,Suresh Jain,suresh.jain@yahoo.com,9986430098,Ahmedabad,Gujarat,India,2024-09-17,REGULAR,ACTIVE,5175
270,Priya Kulkarni,priya.kulkarni@hotmail.com,98725-88744,Rajkot,Gujarat,India,2025-09-18,Gold,ACTIVE,2262
271,Karan Reddy,karan.reddy@gmail.com,+91 9012796114,Pune,Maharashtra,India,2026-03-15,Premium,INACTIVE,618
272,Akash Nair,akash.nair@outlook.com,+91 9883920530,Pune,Maharashtra,India,2025-03-25,Regular,INACTIVE,6544
273,MAHESH JAIN,mahesh.jain@outlook.com,939 376 9042,Nagpur,Maharashtra,India,2025-07-26,Gold,ACTIVE,1185
274,Neha Nair,neha.nair@yahoo.com,+91 9779071416,Vadodara,Gujarat,India,2025-01-21,Gold,ACTIVE,5172
275, Nikhil Nair ,nikhil.nair@yahoo.com,+91 9942373334,Nashik,Maharashtra,India,2026-04-20,Regular,ACTIVE,4091
276,Priya Patel,priya.patel@hotmail.com,+91 9947284639,Ahmedabad,Gujarat,India,2025-07-08,Regular,ACTIVE,6933
277,Nikhil Joshi,nikhil.joshioutlook.com,93691-55942,Mangalore,Karnataka,India,2025-12-16,Regular,INACTIVE,5621
278,Arjun Verma,arjun.verma@yahoo.com,+91 9386632270,Salem,Tamil Nadu,India,2024-07-03,Premium,ACTIVE,8470
279,Divya Gupta,divya.gupta@outlook.com,9754558845,Nashik,Maharashtra,India,2024-06-16,Premium,ACTIVE,9921
280,Pooja Joshi,pooja.joshi@yahoo.com,+91 9569961125,New Delhi,Delhi,India,2024-10-20,Premium,INACTIVE,4773
281,Vikram Reddy,vikram.reddy@yahoo.com,9132611178,Rajkot,Gujarat,India,2024-07-07,Regular,ACTIVE,8584
282,Neha Gupta,neha.gupta@yahoo.com,900 557 7848,Coimbatore,Tamil Nadu,India,2024-10-17,Regular,INACTIVE,8835
283,Shreya Kulkarni,shreya.kulkarni@hotmail.com,9240082547,Madurai,Tamil Nadu,India,2024-08-20,Gold,INACTIVE,7816
284,Pooja Jain,pooja.jain@yahoo.com,96341-63894,Mangalore,Karnataka,India,2025-03-23,Gold,ACTIVE,4404
285,Sneha Singh,SNEHA.SINGH@OUTLOOK.COM,+91 9802144270,Rajkot,Gujarat,India,2025-09-29,Regular,INACTIVE,8086
286,Pooja Reddy,pooja.reddy@gmail.com,987 234 6013,Nagpur,Maharashtra,India,2026-02-07,Premium,ACTIVE,549
287,Nikhil Verma,nikhil.verma@gmail.com,+91 9350313650,Madurai,Tamil Nadu,India,2026-01-15,Premium,ACTIVE,6484
288,Amit Jain,amit.jain@hotmail.com,90052-81273,Surat,Gujarat,India,2024-04-01,Gold,INACTIVE,5690
289,Anjali Sharma,anjali.sharma@outlook.com,+91 9928557498,Hubli,Karnataka,India,2025-05-11,Regular,ACTIVE,7362
290,Aditya Joshi,aditya.joshi@outlook.com,91863-87829,Rajkot,Gujarat,India,2026-06-23,Premium,ACTIVE,5276
291,AMIT SINGH,amit.singh@hotmail.com,994 053 9103,New Delhi,Delhi,India,2025-08-07,Regular,INACTIVE,994
292,Suresh Sharma,suresh.sharma@gmail.com,963 383 9288,Mumbai,Maharashtra,India,2024-03-20,Gold,INACTIVE,9446
293,Arjun Patel,arjun.patel@hotmail.com,+91 9855665939,New Delhi,Delhi,India,2025-06-30,Premium,INACTIVE,4162
294, Riya Kulkarni,riya.kulkarni@outlook.com,9504888992,Ahmedabad,Gujarat,India,2026-06-30,Regular,ACTIVE,2557
295,Shreya Verma,shreya.verma@outlook.com,99194-09610,Nashik,Maharashtra,India,2024-08-10,Premium,ACTIVE,7115
296,Karan Jain,karan.jain@yahoo.com,920 679 9813,New Delhi,Delhi,India,2024-02-12,Premium,ACTIVE,2425
297,Divya Jain,divya.jain@yahoo.com,+91 9376938983,Chennai,Tamil Nadu,India,2025-03-20,Regular,ACTIVE,7046
298,Neha Kulkarni,neha.kulkarni@yahoo.com,9792703352,Madurai,Tamil Nadu,India,2024-01-25,Regular,ACTIVE,3982
299,Pooja Sharma,pooja.sharma@yahoo.com,9487920698,Salem,Tamil Nadu,India,2024-12-05,Premium,ACTIVE,4653
300,Amit Reddy,amit.reddy@hotmail.com,915 798 1238,Madurai,Tamil Nadu,India,2024-01-20,Gold,ACTIVE,352
301,Deepak Reddy,deepak.reddy@outlook.com,9608432562,Madurai,Tamil Nadu,India,2024-11-05,Gold,ACTIVE,3726
302,Arjun Gupta,arjun.gupta@yahoo.com,9826292518,Surat,Gujarat,India,2024-05-21,Regular,ACTIVE,2384
303,Arjun Kulkarni,arjun.kulkarni@gmail.com,94999-39330,Coimbatore,Tamil Nadu,India,2024-04-19,Regular,INACTIVE,7808
304,Suresh Singh,suresh.singh@gmail.com,933 312 7975,Mysuru,Karnataka,India,2024-02-03,Regular,INACTIVE,685
305,Deepak Kulkarni,deepak.kulkarni@gmail.com,986 086 8034,Ahmedabad,Gujarat,India,2025-04-07,Premium,INACTIVE,4684
306,Pooja Jain,pooja.jain@gmail.com,+91 9826657027,Mangalore,Karnataka,India,2025-04-07,Premium,ACTIVE,5309
307,Neha Patel,neha.patel@yahoo.com,92592-22206,Chennai,Tamil Nadu,India,2025-01-28,Premium,ACTIVE,7311
308,Neha Singh,neha.singh@gmail.com,9397767199,Nashik,Maharashtra,India,2025-05-25,Regular,ACTIVE,4556
309,Amit Singh,NEHA.SHARMA@HOTMAIL.COM,+91 9781618495,Pune,Maharashtra,India,2025-11-14,Premium,ACTIVE,5901
310,Pooja Joshi,pooja.joshi@yahoo.com,9586833901,Nashik,Maharashtra,India,2024-03-07,Premium,ACTIVE,9908
311,Arjun Jain,arjun.jain@hotmail.com,+91 9934301071,Vadodara,Gujarat,India,2025-09-21,Gold,ACTIVE,6783
312,Aditya Verma ,aditya.verma@gmail.com,969 902 3557,Chennai,Tamil Nadu,India,2025-06-02,Regular,INACTIVE,7888
313,Aditya Joshi,aditya.joshi@gmail.com,951 240 5682,Nagpur,Maharashtra,India,2025-11-25,Regular,ACTIVE,5050
314,Amit Gupta,amit.gupta@outlook.com,+91 9031780782,Hubli,Karnataka,India,2024-11-05,Premium,ACTIVE,8579
315,Priya Patel,PRIYA.PATEL@GMAIL.COM,99157-01840,Mysuru,Karnataka,India,2025-04-15,Gold,ACTIVE,5257
316,Vikram Nair,vikram.nair@gmail.com,95424-93214,Nagpur,Maharashtra,India,2024-10-07,Gold,ACTIVE,2131
317,Neha Kulkarni,neha.kulkarni@yahoo.com,98179-21717,Rajkot,Gujarat,India,2024-11-15,Gold,ACTIVE,7625
318,Priya Jain,PRIYA.JAIN@HOTMAIL.COM,9577245992,Hubli,Karnataka,India,2026-06-22,Premium,ACTIVE,1752
319,Pooja Nair,pooja.nair@outlook.com,966 958 3219,Mysuru,Karnataka,India,2025-05-08,Regular,ACTIVE,7584
320,Riya Singh,riya.singh@hotmail.com,90132-90227,Ahmedabad,Gujarat,India,2025-09-02,Premium,ACTIVE,7326
321,Pooja Jain,pooja.jain@yahoo.com,980 085 1403,New Delhi,Delhi,India,2029-07-28,Gold,INACTIVE,5212
322,Mahesh Kulkarni,mahesh.kulkarni@outlook.com,9220102762,New Delhi,Delhi,India,2025-01-28,Regular,INACTIVE,6813
323,Akash Singh,akash.singh@gmail.com,938 468 9500,New Delhi,Delhi,India,2024-07-09,Gold,ACTIVE,9507
324,Priya Nair,priya.nair@gmail.com,918 949 0580,Salem,Tamil Nadu,India,2025-06-19,Premium,ACTIVE,7687
325,Arjun Joshi,arjun.joshi@outlook.com,+91 9290490471,Coimbatore,Tamil Nadu,India,2025-09-03,Gold,ACTIVE,4552
326, Vikram Gupta,vikram.gupta@outlook.com,928 051 2927,Surat,Gujarat,India,2025-01-13,Premium,ACTIVE,7211
327,Anjali Jain,anjali.jain@outlook.com,9836674286,Chennai,Tamil Nadu,India,2025-04-20,Premium,ACTIVE,7353
328,Nikhil Sharma,nikhil.sharma@outlook.com,+91 9496739385,Salem,Tamil Nadu,India,2025-10-29,Premium,ACTIVE,138
329,Arjun Patel,arjun.patel@gmail.com,+91 9939111926,Coimbatore,Tamil Nadu,India,2024-09-14,Regular,ACTIVE,4150
330,Riya Gupta,riya.gupta@gmail.com,904 427 1739,Madurai,Tamil Nadu,India,2024-03-16,Regular,INACTIVE,1776
331,Anjali Jain,anjali.jainoutlook.com,9720064256,Chennai,Tamil Nadu,India,2024-03-13,Gold,INACTIVE,8039
332,Rohit Nair,rohit.nair@outlook.com,9158517432,New Delhi,Delhi,India,2025-01-02,Premium,ACTIVE,4896
333,Suresh Reddy,suresh.reddy@yahoo.com,98478-70050,Mysuru,Karnataka,India,2024-01-26,Gold,INACTIVE,1936
334,Aditya Singh,aditya.singh@hotmail.com,+91 9320204179,Mumbai,Maharashtra,India,2025-05-15,Gold,ACTIVE,1742
335,Rohit Verma,rohit.verma@yahoo.com,930 925 1142,New Delhi,Delhi,India,2025-12-01,Regular,ACTIVE,9067
336,Shreya Sharma,SHREYA.SHARMA@GMAIL.COM,919 467 2324,Rajkot,Gujarat,India,2024-01-17,Premium,ACTIVE,2859
337,Akash Singh,akash.singh@yahoo.com,9195883734,Nagpur,Maharashtra,India,2024-01-05,Regular,INACTIVE,2444
338,Divya Singh,NEHA.SHARMA@HOTMAIL.COM,982 207 8113,Nagpur,Maharashtra,India,2025-03-21,Gold,ACTIVE,6865
339,Karan Patel,karan.patel@hotmail.com,93972-65273,Mangalore,Karnataka,India,2024-03-16,Premium,ACTIVE,2084
340,Vikram Singh,vikram.singh@yahoo.com,+91 9929831687,New Delhi,Delhi,India,2024-08-13,Gold,INACTIVE,7581
341,Karan Verma,karan.verma@gmail.com,+91 9177318063,Surat,Gujarat,India,2027-01-16,Premium,ACTIVE,1486
342,Sneha Reddy,sneha.reddy@hotmail.com,97016-58046,Nashik,Maharashtra,India,2024-05-21,Gold,ACTIVE,8887
343,Rohit Jain,rohit.jain@hotmail.com,9281832538,Nagpur,Maharashtra,India,2024-04-23,Gold,ACTIVE,9504
344,Karan Joshi,karan.joshi@hotmail.com,978 847 9513,New Delhi,Delhi,India,2025-01-16,Regular,ACTIVE,2929
345,Neha Singh,neha.singh@gmail.com,9827567043,New Delhi,Delhi,India,2025-06-17,Regular,ACTIVE,3806
346,Arjun Jain,arjun.jain@hotmail.com,94243-75402,Salem,Tamil Nadu,India,2025-12-14,Premium,ACTIVE,2725
347,Aditya Gupta,aditya.gupta@yahoo.com,+91 9380552578,Mysuru,Karnataka,India,2024-02-12,Gold,INACTIVE,408
348,Priya Reddy,NEHA.SHARMA@HOTMAIL.COM,9929751702,Vadodara,Gujarat,India,2024-10-29,VIP+,ACTIVE,3610
349,Deepak Sharma,deepak.sharma@gmail.com,9186375998,Surat,Gujarat,India,2026-02-24,Gold,INACTIVE,2423
350,Suresh Kulkarni,suresh.kulkarni@yahoo.com,9674266299,Madurai,Tamil Nadu,India,2026-06-14,Regular,ACTIVE,7776
351,Rohit Jain,rohit.jain@yahoo.com,948 704 9478,Salem,Tamil Nadu,India,2025-04-18,Reg,INACTIVE,2523
352,Neha Gupta,neha.gupta@gmail.com,9796471589,Bengaluru,Karnataka,India,2024-10-10,Premium,INACTIVE,958
353,Priya Joshi,priya.joshi@gmail.com,92192-85544,New Delhi,Delhi,India,2024-10-25,Regular,ACTIVE,5761
354,Priya Nair,priya.nair@yahoo.com,9898881671,New Delhi,Delhi,India,2024-06-15,Regular,ACTIVE,7856
355,Priya Reddy,priya.reddy@gmail.com,9234232161,Coimbatore,Tamil Nadu,India,2024-01-30,Regular,ACTIVE,7065
356,Amit Nair,amit.nair@gmail.com,93932-50124,Chennai,Tamil Nadu,India,2025-11-14,Premium,ACTIVE,8202
357, Nikhil Jain,nikhil.jain@gmail.com,975 927 1256,Hubli,Karnataka,India,2026-02-11,Regular,ACTIVE,6677
358,Neha Reddy,neha.reddy@outlook.com,97386-46317,Chennai,Tamil Nadu,India,2025-05-20,Gold Plus,ACTIVE,1723
359,Neha Singh,neha.singh@hotmail.com,974 994 6579,Pune,Maharashtra,India,2024-07-22,Premium,ACTIVE,2414
360,Neha Gupta,neha.gupta@hotmail.com,969 524 9911,Bengaluru,Karnataka,India,2024-02-24,Premium,ACTIVE,8157
361,Aditya Joshi,aditya.joshi@hotmail.com,977 002 8427,Mumbai,Maharashtra,India,2026-06-20,Regular,ACTIVE,6374
362,Shreya Reddy,shreya.reddy@gmail.com,+91 9695450090,Rajkot,Gujarat,India,2026-05-24,Premium,ACTIVE,9567
363,Mahesh Patel,mahesh.patel@outlook.com,914 152 0850,New Delhi,Delhi,India,2024-09-07,Gold,INACTIVE,9306
364,Vikram Sharma,vikram.sharma@hotmail.com,+91 9578529456,Salem,Tamil Nadu,India,2024-11-26,Premium,ACTIVE,1234
365,Pooja Gupta,pooja.gupta@outlook.com,987 635 1484,Ahmedabad,Gujarat,India,2025-08-15,Gold,ACTIVE,3278
366,Akash Nair,akash.nair@hotmail.com,97489-69083,Bengaluru,Karnataka,India,2025-06-12,Premium,ACTIVE,2465
367,Arjun Kulkarni,arjun.kulkarni@yahoo.com,963 123 0347,Pune,Maharashtra,India,2024-09-30,Gold,ACTIVE,6914
368,Anjali Singh,anjali.singh@hotmail.com,+91 9159416516,Surat,Gujarat,India,2024-02-13,Regular,ACTIVE,8196
369,Divya Patel,divya.patel@hotmail.com,93476-49078,Salem,Tamil Nadu,India,2026-01-31,Gold,INACTIVE,5185
370,Karan Gupta,karan.gupta@gmail.com,+91 9034864518,Salem,Tamil Nadu,India,2026-04-21,Premium,ACTIVE,6438
371,Pooja Patel,pooja.patel@outlook.com,9604177656,Coimbatore,Tamil Nadu,India,2024-06-13,Regular,INACTIVE,8295
372,Akash Nair,AKASH.NAIR@YAHOO.COM,945 911 2382,Mumbai,Maharashtra,India,2024-07-07,Premium,ACTIVE,2187
373,Pooja Verma,pooja.verma@gmail.com,993 173 4206,New Delhi,Delhi,India,2026-06-24,Gold,ACTIVE,1459
374,Shreya Patel,shreya.patel@outlook.com,926 393 4362,New Delhi,Delhi,India,2025-12-31,Premium Customer,ACTIVE,3858
375,Suresh Jain,suresh.jain@hotmail.com,+91 9694118005,Nashik,Maharashtra,India,2024-11-27,Premium,ACTIVE,9934
376,Rahul Gupta,rahul.gupta@yahoo.com,9572158624,New Delhi,Delhi,India,2026-07-02,Premium,ACTIVE,2095
377,Suresh Kulkarni,suresh.kulkarni@outlook.com,9287032032,Vadodara,Gujarat,India,2025-03-22,Premium,INACTIVE,7653
378,Amit Reddy,amit.reddy@yahoo.com,9422849939,New Delhi,Delhi,India,2026-05-16,Gold,ACTIVE,2958
379,Karan Reddy,karan.reddy@outlook.com,9520177749,Nagpur,Maharashtra,India,2025-11-27,Premium,ACTIVE,7423
380,Anjali Sharma,anjali.sharma@hotmail.com,9610326642,Mumbai,Maharashtra,India,2025-09-08,Premium,ACTIVE,7083
381,Akash Singh,akash.singh@outlook.com,96592-66108,Surat,Gujarat,India,2026-06-25,Premium,ACTIVE,2540
382,Pooja Reddy,pooja.reddy@outlook.com,949 081 0818,New Delhi,Delhi,India,2024-05-10,Premium,ACTIVE,9313
383,Vikram Jain,vikram.jain@gmail.com,+91 9459779452,Nashik,Maharashtra,India,2024-07-05,Regular,ACTIVE,9896
384,arjun nair,NEHA.SHARMA@HOTMAIL.COM,+91 9781618495,New Delhi,Delhi,India,2026-06-08,Regular,ACTIVE,3083
385,Divya Singh,divya.singh@hotmail.com,92777-07933,Surat,Gujarat,India,2026-02-27,Gold,ACTIVE,6418
386,Neha Kulkarni,neha.kulkarni@hotmail.com,9069581467,Vadodara,Gujarat,India,2025-02-13,Premium,INACTIVE,5681
387,Rahul Singh,rahul.singh@outlook.com,+91 9724665729,Salem,Tamil Nadu,India,2024-08-12,Premium,ACTIVE,1412
388,Sneha Verma,sneha.verma@gmail.com,+91 9228015619,New Delhi,Delhi,India,2024-08-02,Regular,ACTIVE,7968
389,Suresh Sharma,suresh.sharma@gmail.com,99180-81213,Bengaluru,Karnataka,India,2025-03-24,Regular,INACTIVE,7233
390,Neha Singh,neha.singh@gmail.com,+91 9548214565,Bengaluru,Karnataka,India,2025-03-25,Regular,ACTIVE,8677
391,Priya Kulkarni,priya.kulkarni@gmail.com,9115562606,New Delhi,Delhi,India,2025-03-29,Gold,ACTIVE,2473
392,Nikhil Gupta,nikhil.gupta@gmail.com,99267-38997,Vadodara,Gujarat,India,2024-11-17,Gold,ACTIVE,3232
393,Amit Nair,amit.nair@outlook.com,9089434681,Hubli,Karnataka,India,2025-06-07,Premium,ACTIVE,8314
394,Neha Reddy,neha.reddy@yahoo.com,+91 9926831589,New Delhi,Delhi,India,2026-04-04,Premium,INACTIVE,2401
395,Rohit Patel ,rohit.patel@hotmail.com,967 762 2827,New Delhi,Delhi,India,2025-06-22,Regular,ACTIVE,8408
396,Anjali Reddy,anjali.reddy@hotmail.com,94082-15454,Vadodara,Gujarat,India,2024-05-01,REGULAR,INACTIVE,2328
397,Amit Gupta,amit.gupta@gmail.com,997 567 9228,New Delhi,Delhi,India,2024-12-23,Premium,ACTIVE,2440
398,Rohit Jain,rohit.jain@hotmail.com,9209481813,Mangalore,Karnataka,India,2024-02-16,Gold,ACTIVE,7796
399,neha nair,neha.nair@hotmail.com,90562-60856,Mangalore,Karnataka,India,2025-06-30,Regular,ACTIVE,1627
400,Priya Singh,priya.singh@gmail.com,+91 9265461033,New Delhi,Delhi,India,2024-11-29,Premium,ACTIVE,8264
