Product ID,SKU,Product Name,Category,Sub Category,Brand,Supplier ID,Unit Cost,Selling Price,Profit Margin %,GST %,Weight (Kg),Warranty (Months),Launch Date,Product Status,Created Date,Updated Date
PROD01001,SKU-BEA-SKI-01001,Face Wash,Beauty,Skin Care,Tata,SUP00518,581,707.06,21.7,0,2.06,24,2020-12-22,DISCONTINUED,2020-12-22,2023-05-05
PROD01002,SKU-BEA-FRA-01002,Deodorant,Beauty,Fragrance,Asus,SUP00529,1286,1586.23,23.35,0,2.3,6,2024-09-27,ACTIVE,2024-09-27,2025-07-08
PROD01003,SKU-GRO-OIL-01003,Sunflower Oil,Grocery,Oil,Tata,SUP00530,2296,2726.38,18.74,18,0.33,12,2024-01-21,DISCONTINUED,2024-01-21,2024-08-04
PROD01004,SKU-ELE-TAB-01004,Lenovo Tab,Electronics,Tablets,Nike,SUP00541,55819,66915.61,19.88,12,1.83,12,2020-10-19,DISCONTINUED,2020-10-19,2022-09-19
PROD01005,SKU-HOM-COO-01005,Air Conditioner,Home Appliances,Cooling,Asus,SUP00503,23173,29437.81,27.03,0,11.07,24,2023-07-12,ACTIVE,2023-07-12,2026-04-29
PROD01006,SKU-FAS-KID-01006,Kids Jeans,Fashion,Kids,Philips,SUP00538,1935,2435.39,25.86,5,0.84,0,2020-07-11,ACTIVE,2020-07-11,2022-03-29
PROD01007,SKU-GRO-OIL-01007,Mustard Oil,Grocery,Oil,Apple,SUP00544,569,770.72,35.45,28,2.28,36,2023-10-25,ACTIVE,2023-10-25,2024-08-20
PROD01008,SKU-HOM-KIT-01008,Microwave Oven,Home Appliances,Kitchen,Himalaya,SUP00533,42409,51301.04,20.97,35,34.79,24,2025-12-12,ACTIVE,2025-12-12,2026-05-14
PROD01009,SKU-ELE-LAP-01009,IdeaPad Slim 5,Electronics,Laptops,OnePlus,SUP00506,71699,100006.27,39.48,28,6.17,6,2025-04-30,DISCONTINUED,2025-04-30,2025-07-23
PROD01010,SKU-HOM-COO-01010,Ceiling Fan,Home Appliances,Cooling,Nivea,SUP00542,26972,26472.0,28.14,28,21.41,6,2022-07-09,ACTIVE,2022-07-09,2024-05-31
PROD01011,SKU-ELE-MOB-01011,OnePlus 12,Electronics,Mobile Phones,OnePlus,SUP00533,39195,48348.72,23.35,18,1.87,6,2025-04-20,ACTIVE,2025-04-20,2026-05-26
PROD01012,SKU-BOO-TEC-01012,SQL Handbook,Books,Technology,Himalaya,SUP00542,351,410.03,16.82,12,2.42,0,2022-10-15,ACTIVE,2022-10-15,2023-11-08
PROD01013,SKU-BOO-TEC-01013,Python Programming,Books,Technology,Himalaya,SUP00535,-180,259.33,44.07,5,0.58,18,2025-05-25,ACTIVE,2025-05-25,2025-12-16
PROD01014,SKU-FAS-WOM-01014,Saree,Fashion,Women,Nivea,SUP00546,2293,2743.43,19.64,12,0.44,0,2020-09-06,ACTIVE,2020-09-06,2021-04-28
PROD01015,SKU-BOO-TEC-01015,Python Programming,Books,Technology,Raymond,SUP00505,631,802.08,27.11,28,0.81,24,2020-06-11,DISCONTINUED,2020-06-11,2021-05-12
PROD01016,SKU-HOM-COO-01016,Ceiling Fan,Home Appliances,Cooling,Lenovo,SUP00543,44803,55555.68,24.0,12,41.95,0,2020-02-08,ACTIVE,2020-02-08,2026-06-02
PROD01017,SKU-HOM-COO-01017,Ceiling Fan,Home Appliances,Cooling,Dell,SUP00529,38100,51856.46,36.11,28,44.31,36,2025-12-06,ACTIVE,2025-12-06,2026-05-25
PROD01018,SKU-ELE-LAP-01018,ThinkPad E14,Electronics,Laptops,LG,SUP00539,35607,48613.66,36.53,5,5.56,12,2027-11-09 00:00:00,ACTIVE,2025-09-01,2026-01-07
PROD01019,SKU-HOM-LAU-01019,Washing Machine,Home Appliances,Laundry,Levis,SUP00501,9831,11527.57,17.26,5,25.46,12,2021-08-29,ACTIVE,2021-08-29,2022-05-17
PROD01020,SKU-BEA-SKI-01020,Sunscreen,Beauty,Skin Care,Xiaomi,SUP00523,1677,2210.23,31.8,18,2.92,36,2021-09-25,ACTIVE,2021-09-25,2022-08-23
PROD01021,SKU-FOO-SAN-01021,Men Sandals,Footwear,Sandals,Sony,SUP00511,1285,1625.22,26.48,0,1.76,6,2022-03-28,ACTIVE,2022-03-28,2024-03-13
PROD01022,SKU-BOO-TEC-01022,Spark Essentials,Books,Technology,IFB,SUP00542,1193,1514.99,26.99,28,1.06,0,2021-04-17,ACTIVE,2021-04-17,2022-04-17
PROD01023,SKU-FOO-SAN-01023,Men Sandals,Footwear,Sandals,Prestige,SUP00537,1957,2400.1,22.64,18,0.3,24,2022-03-18,ACTIVE,2022-03-18,2024-08-17
PROD01024,SKU-FAS-KID-01024,School Uniform,Fashion,Kids,Nivea,SUP00527,1636,1136.0,27.07,12,0.9,6,2024-09-18,ACTIVE,2024-09-18,2025-03-15
PROD01025,SKU-GRO-OIL-01025,Groundnut Oil,Grocery,Oil,Nike,SUP00529,975,1270.77,30.34,5,2.01,12,2025-10-12,DISCONTINUED,2025-10-12,2026-04-01
PROD01026,SKU-ELE-LAP-01026,Pavilion 15,Electronics,Laptops,Raymond,SUP00550,-17545,22573.83,28.66,28,1.72,36,2024-04-21,ACTIVE,2024-04-21,2025-06-04
PROD01027,SKU-FOO-SPO-01027,Running Shoes,Footwear,Sports Shoes,Aashirvaad,SUP00545,4643,5986.52,28.94,28,0.72,0,2025-02-12,ACTIVE,2025-02-12,2026-03-29
PROD01028,SKU-BOO-BUS-01028,The Lean Startup,Books,Business,Nike,SUP00511,1122,1441.79,28.5,5,2.54,12,2025-11-05,ACTIVE,2025-11-05,2026-04-14
PROD01029,SKU-ELE-LAP-01029,Inspiron 15,Electronics,Laptops,Asus,SUP00525,28028,38172.05,36.19,0,3.44,12,2025-03-23,ACTIVE,2025-03-23,2025-04-23
PROD01030,SKU-BOO-BUS-01030,Atomic Habits,Books,Business,Apple,SUP00523,761,1047.17,37.6,18,1.66,36,2022-06-22,ACTIVE,2022-06-22,2023-09-14
PROD01031,SKU-BOO-BUS-01031,Rich Dad Poor Dad,Books,Business,Raymond,SUP00535,205,291.53,42.21,28,1.74,0,2020-12-09,ACTIVE,2020-12-09,2021-09-12
PROD01032,SKU-FOO-CAS-01032,Loafers,Footwear,Casual Shoes,Sony,SUP00506,4252,4914.53,15.58,28,0.39,12,2022-07-07,ACTIVE,2022-07-07,2026-03-02
PROD01033,SKU-FOO-SAN-01033,Men Sandals,Footwear,Sandals,Allen Solly,SUP00514,4209,5723.56,35.98,12,0.59,24,2021-04-14,ACTIVE,2021-04-14,2023-01-11
PROD01034,SKU-BEA-SKI-01034,Face Wash,Beauty,Skin Care,Allen Solly,SUP00545,1781,2383.29,33.82,0,2.12,12,2021-05-10,DISCONTINUED,2021-05-10,2025-09-28
PROD01035,SKU-FOO-CAS-01035,Sneakers,Footwear,Casual Shoes,Philips,SUP00524,4166,5674.89,36.22,18,0.6,24,2023-01-11,DISCONTINUED,2023-01-11,2026-01-17
PROD01036,SKU-ELE-TEL-01036,Android TV,Electronics,Television,Asus,SUP00549,68910,91027.0,32.1,18,2.82,18,2023-08-24,ACTIVE,2023-08-24,2026-05-18
PROD01037,SKU-ELE-LAP-01037,MacBook Air M3,Electronics,Laptops,Asus,SUP00547,61271,79442.35,29.66,5,5.59,36,2025-07-03,ACTIVE,2025-07-03,2025-07-11
PROD01038,SKU-GRO-OIL-01038,Groundnut Oil,Grocery,Oil,Tata,SUP00536,1454,1825.56,25.55,18,0.89,12,2022-08-02,ACTIVE,2022-08-02,2023-08-31
PROD01039,SKU-FAS-KID-01039,Kids Jeans,Fashion,Kids,Fortune,SUP00534,2744,3388.56,23.49,0,1.27,12,2022-07-20,ACTIVE,2022-07-20,2023-07-22
PROD01040,SKU-HOM-LAU-01040,Washing Machine,Home Appliances,Laundry,Apple,SUP00537,21134,27280.17,29.08,18,16.65,0,2022-10-31,ACTIVE,2022-10-31,2023-06-21
PROD01041,SKU-GRO-OIL-01041,Sunflower Oil,Grocery,Oil,Asus,SUP00508,2385,3289.71,37.93,28,1.83,24,2022-07-13,DISCONTINUED,2022-07-13,2024-08-30
PROD01042,SKU-GRO-RIC-01042,Basmati Rice,Grocery,Rice,Himalaya,SUP00514,1183,1594.84,34.81,5,0.8,24,2020-11-03,ACTIVE,2020-11-03,2020-11-13
PROD01043,SKU-BOO-BUS-01043,Rich Dad Poor Dad,Books,Business,Nivea,SUP00515,691,957.97,38.64,28,2.02,6,2024-10-07,ACTIVE,2024-10-07,2026-04-17
PROD01044,SKU-GRO-OIL-01044,Groundnut Oil,Grocery,Oil,Xiaomi,SUP00530,1345,1829.09,35.99,12,1.55,18,2024-11-28,ACTIVE,2024-11-28,2025-01-07
PROD01045,SKU-BOO-TEC-01045,SQL Handbook,Books,Technology,Sony,SUP00537,232,319.91,37.89,5,1.46,36,2024-12-16,ACTIVE,2024-12-16,2025-06-19
PROD01046,SKU-FAS-KID-01046,Kids T-Shirt,Fashion,Kids,Dell,SUP00522,1986,2697.19,35.81,12,1.04,18,2020-05-30,ACTIVE,2020-05-30,2021-05-25
PROD01047,SKU-BEA-FRA-01047,Deodorant,Beauty,Fragrance,Philips,SUP00504,464,605.77,30.55,28,2.29,36,2024-12-15,ACTIVE,2024-12-15,2025-07-11
PROD01048,SKU-BEA-FRA-01048,Perfume,Beauty,Fragrance,Mamaearth,SUP00511,716,941.72,31.53,28,1.28,6,2021-04-09,ACTIVE,2021-04-09,2021-12-05
PROD01049,SKU-FOO-CAS-01049,Sneakers,Footwear,Casual Shoes,Nike,SUP00536,1584,1084.0,26.51,28,1.16,6,2020-10-12,ACTIVE,2020-10-12,2025-06-07
PROD01050,SKU-GRO-BEV-01050,Tea,Grocery,Beverages,Nike,SUP00535,2083,2611.12,25.35,28,2.31,18,2025-02-08,ACTIVE,2025-02-08,2026-04-29
PROD01051,SKU-BEA-HAI-01051,Conditioner,Beauty,Hair Care,Aashirvaad,SUP00525,870,1258.48,44.65,5,1.54,0,2021-06-01,DISCONTINUED,2021-06-01,2024-09-21
PROD01052,SKU-HOM-LAU-01052,Washing Machine,Home Appliances,Laundry,OnePlus,SUP00531,19868,24866.16,25.16,18,29.94,12,2025-12-25,ACTIVE,2025-12-25,2026-03-16
PROD01053,SKU-BEA-HAI-01053,Shampoo,Beauty,Hair Care,Tata,SUP00506,968,1397.31,44.35,0,1.39,36,2023-05-11,ACTIVE,2023-05-11,2023-08-13
PROD01054,SKU-BEA-SKI-01054,Face Wash,Beauty,Skin Care,Dell,SUP00506,1328,1874.14,41.13,28,2.08,18,2021-08-09,ACTIVE,2021-08-09,2024-03-10
PROD01055,SKU-GRO-PUL-01055,Toor Dal,Grocery,Pulses,Nike,SUP00523,1325,1777.73,34.17,18,2.1,18,2023-05-22,ACTIVE,2023-05-22,2025-07-17
PROD01056,SKU-ELE-TAB-01056,Lenovo Tab,Electronics,Tablets,Apple,SUP00537,14428,20533.71,42.32,18,6.7,12,2022-07-31,DISCONTINUED,2022-07-31,2024-07-21
PROD01057,SKU-HOM-KIT-01057,Mixer Grinder,Home Appliances,Kitchen,LG,SUP00529,4686,6203.66,32.39,5,5.88,12,2023-08-31,ACTIVE,2023-08-31,2024-08-24
PROD01058,SKU-HOM-COO-01058,Ceiling Fan,Home Appliances,Cooling,Aashirvaad,SUP00519,24698,34361.58,39.13,18,43.4,6,2022-07-13,ACTIVE,2022-07-13,2025-08-27
PROD01059,SKU-BEA-HAI-01059,Conditioner,Beauty,Hair Care,Prestige,SUP00541,840,993.3,18.25,5,1.47,24,2023-09-05,DISCONTINUED,2023-09-05,2024-12-01
PROD01060,SKU-ELE-MOB-01060,Redmi Note 13,Electronics,Mobile Phones,Adidas,SUP00508,20739,25310.71,22.04,28,1.26,18,2024-02-28,DISCONTINUED,2024-02-28,2025-05-02
PROD01061,SKU-FAS-MEN-01061,Jeans,Fashion,Men,HP,SUP00529,2121,3043.99,43.52,12,0.28,36,2024-02-13,DISCONTINUED,2024-02-13,2025-12-04
PROD01062,SKU-BEA-SKI-01062,Sunscreen,Beauty,Skin Care,Himalaya,SUP00539,123,143.32,16.52,12,0.81,6,2022-04-20,ACTIVE,2022-04-20,2025-05-29
PROD01063,SKU-ELE-TEL-01063,OLED TV,Electronics,Television,Lenovo,SUP00535,40853,56767.46,38.96,0,5.36,0,2021-06-23,ACTIVE,2021-06-23,2023-06-26
PROD01064,SKU-GRO-RIC-01064,Brown Rice,Grocery,Rice,OnePlus,SUP00531,1936,2678.27,38.34,28,1.82,18,2025-08-25,ACTIVE,2025-08-25,2025-09-16
PROD01065,SKU-FOO-CAS-01065,Loafers,Footwear,Casual Shoes,Nivea,SUP00507,4416,6022.19,36.37,18,0.42,0,2023-08-12,DISCONTINUED,2023-08-12,2024-06-10
PROD01066,SKU-GRO-OIL-01066,Groundnut Oil,Grocery,Oil,Puma,SUP00539,1862,2196.7,17.98,0,2.57,36,2022-05-30,ACTIVE,2022-05-30,2024-12-09
PROD01067,SKU-FAS-KID-01067,School Uniform,Fashion,Kids,IFB,SUP00510,3113,4441.93,42.69,0,0.27,0,2021-01-16,ACTIVE,2021-01-16,2021-08-01
PROD01068,SKU-BEA-SKI-01068,Moisturizer,Beauty,Skin Care,IFB,SUP00543,1616,2063.44,27.69,0,2.91,24,2023-07-03,ACTIVE,2023-07-03,2024-01-31
PROD01069,SKU-FAS-MEN-01069,Jeans,Fashion,Men,Allen Solly,SUP00515,3606,4611.11,27.87,28,1.47,24,2020-04-17,DISCONTINUED,2020-04-17,2023-04-17
PROD01070,SKU-HOM-LAU-01070,Washing Machine,Home Appliances,Laundry,Lenovo,SUP00548,43995,63420.69,44.15,0,34.08,6,2024-03-20,ACTIVE,2024-03-20,2025-06-27
PROD01071,SKU-ELE-LAP-01071,Inspiron 15,Electronics,Laptops,Fortune,SUP00540,14522,19636.51,35.22,12,3.66,18,2025-06-12,DISCONTINUED,2025-06-12,2026-01-24
PROD01072,SKU-GRO-BEV-01072,Green Tea,Grocery,Beverages,Nivea,SUP00520,286,347.82,21.62,28,0.26,6,2023-05-19,ACTIVE,2023-05-19,2024-02-24
PROD01073,SKU-GRO-PUL-01073,Chana Dal,Grocery,Pulses,Levis,SUP00543,1550,1816.02,17.16,0,1.37,18,2020-11-14,ACTIVE,2020-11-14,2025-09-07
PROD01074,SKU-BOO-BUS-01074,The Lean Startup,Books,Business,IFB,SUP00506,1044,1465.09,40.33,5,1.36,18,2025-11-16,ACTIVE,2025-11-16,2026-02-25
PROD01075,SKU-GRO-PUL-01075,Moong Dal,Grocery,Pulses,IFB,SUP00547,704,859.5,22.09,5,0.84,6,2021-09-18,ACTIVE,2021-09-18,2022-09-15
PROD01076,SKU-GRO-OIL-01076,Mustard Oil,Grocery,Oil,Whirlpool,SUP00510,1901,2225.09,17.05,18,1.93,12,2020-08-18,ACTIVE,2020-08-18,2026-04-27
PROD01077,SKU-BOO-TEC-01077,SQL Handbook,Books,Technology,Raymond,SUP00533,937,1207.62,28.88,28,2.87,36,2020-06-17,ACTIVE,2020-06-17,2022-07-28
PROD01078,SKU-FAS-KID-01078,Kids T-Shirt,Fashion,Kids,Puma,SUP00542,1006,1168.71,16.17,18,1.49,24,2025-11-11,DISCONTINUED,2025-11-11,2025-12-21
PROD01079,SKU-BEA-FRA-01079,Deodorant,Beauty,Fragrance,OnePlus,SUP00522,273,359.65,31.74,18,0.92,36,2021-09-07,ACTIVE,2021-09-07,2022-02-20
PROD01080,SKU-GRO-RIC-01080,Premium Rice,Grocery,Rice,,SUP00525,1445,2014.27,39.4,28,0.37,36,2024-09-30,DISCONTINUED,2024-09-30,2025-10-05
PROD01081,SKU-HOM-CLE-01081,Vacuum Cleaner,Home Appliances,Cleaning,LG,SUP00507,35771,49409.14,38.13,28,3.62,12,2021-06-20,DISCONTINUED,2021-06-20,2023-07-31
PROD01082,SKU-ELE-TAB-01082,Lenovo Tab,Electronics,Tablets,Nivea,SUP00547,39133,56385.82,44.09,28,2.42,36,2025-01-12,ACTIVE,2025-01-12,2025-09-13
PROD01083,SKU-FOO-CAS-01083,Loafers,Footwear,Casual Shoes,Fortune,SUP00525,4519,5911.93,30.82,5,1.69,24,2021-07-20,ACTIVE,2021-07-20,2021-11-03
PROD01084,SKU-FAS-MEN-01084,Casual Shirt,Fashion,Men,Sony,SUP00529,2402,2868.48,19.42,18,0.27,6,2025-01-21,ACTIVE,2025-01-21,2025-02-17
PROD01085,SKU-FAS-MEN-01085,Jeans,Fashion,Men,,SUP00510,863,1002.37,16.15,18,1.09,6,2025-04-05,ACTIVE,2025-04-05,2026-02-14
PROD01086,SKU-GRO-BEV-01086,Tea,Grocery,Beverages,Fortune,SUP00519,1073,1330.89,24.03,0,0.79,36,2025-02-15,ACTIVE,2025-02-15,2025-04-12
PROD01087,SKU-FAS-WOM-01087,Kurti,Fashion,Women,Raymond,SUP00523,1285,1697.74,32.12,5,1.05,0,2025-11-14,ACTIVE,2025-11-14,2025-12-01
PROD01088,SKU-ELE-TAB-01088,Lenovo Tab,Electronics,Tablets,Sony,SUP00548,10128,12732.19,25.71,0,2.89,36,2021-02-28,DISCONTINUED,2021-02-28,2025-04-13
PROD01089,SKU-BEA-HAI-01089,Conditioner,Beauty,Hair Care,Adidas,SUP00541,453,631.23,39.34,0,2.18,18,2020-05-31,ACTIVE,2020-05-31,2022-09-03
PROD01090,SKU-GRO-BEV-01090,Coffee,Grocery,Beverages,Samsung,SUP00549,882,1090.0,23.58,0,2.61,12,2023-01-24,ACTIVE,2023-01-24,2025-02-15
PROD01091,SKU-BEA-HAI-01091,Hair Oil,Beauty,Hair Care,Aashirvaad,SUP00534,626,870.36,39.04,18,0.33,24,2022-01-09,DISCONTINUED,2022-01-09,2023-09-02
PROD01092,SKU-BEA-HAI-01092,Hair Oil,Beauty,Hair Care,Nike,SUP00503,1568,2212.47,41.1,12,1.88,18,2023-01-29,ACTIVE,2023-01-29,2023-07-01
PROD01093,SKU-BOO-BUS-01093,Rich Dad Poor Dad,Books,Business,Lenovo,SUP00505,633,875.79,38.36,12,1.15,24,2020-05-12,DISCONTINUED,2020-05-12,2022-01-30
PROD01094,SKU-FOO-CAS-01094,Loafers,Footwear,Casual Shoes,Asus,SUP00508,612,838.87,37.07,18,1.18,24,2021-04-27,ACTIVE,2021-04-27,2025-08-31
PROD01095,SKU-ELE-LAP-01095,MacBook Air M3,Electronics,Laptops,Nike,SUP00512,66341,96139.97,44.92,12,5.41,36,2020-09-22,DISCONTINUED,2020-09-22,2023-12-25
PROD01096,SKU-GRO-PUL-01096,Toor Dal,Grocery,Pulses,HP,SUP00509,1069,1482.82,38.71,0,1.15,24,2024-02-20,ACTIVE,2024-02-20,2026-05-22
PROD01097,SKU-FOO-SAN-01097,Women Sandals,Footwear,Sandals,Fortune,SUP00527,1004,1192.35,18.76,12,1.39,18,2025-03-23,DISCONTINUED,2025-03-23,2025-09-15
PROD01098,SKU-GRO-RIC-01098,Basmati Rice,Grocery,Rice,Puma,SUP00510,1345,1613.19,19.94,12,2.81,6,2023-11-18,DISCONTINUED,2023-11-18,2026-05-22
PROD01099,SKU-GRO-RIC-01099,Brown Rice,Grocery,Rice,Himalaya,SUP00511,2478,2964.33,19.63,28,2.19,24,2023-10-14,DISCONTINUED,2023-10-14,2023-11-25
PROD01100,SKU-BOO-BUS-01100,The Lean Startup,Books,Business,Himalaya,SUP00502,1169,1656.12,41.67,28,0.94,12,2025-06-01,ACTIVE,2025-06-01,2026-05-17
PROD01101,SKU-FAS-KID-01101,Kids T-Shirt,Fashion,Kids,Whirlpool,SUP00546,1607,2202.01,37.03,12,1.47,6,2024-02-26,DISCONTINUED,2024-02-26,2025-09-23
PROD01102,SKU-FOO-SAN-01102,Women Sandals,Footwear,Sandals,Asus,SUP00511,3082,4407.65,43.01,12,0.62,6,2025-08-02,DISCONTINUED,2025-08-02,2026-03-29
PROD01103,SKU-HOM-COO-01103,Air Conditioner,Home Appliances,Cooling,Samsung,SUP00519,34933,46434.89,32.93,18,14.29,0,2021-03-16,ACTIVE,2021-03-16,2021-12-15
PROD01104,SKU-HOM-COO-01104,Air Cooler,Home Appliances,Cooling,LG,SUP00505,27819,36200.22,30.13,28,14.03,24,2021-05-01,ACTIVE,2021-05-01,2021-11-15
PROD01105,SKU-GRO-BEV-01105,Green Tea,Grocery,Beverages,Samsung,SUP00503,259,308.5,19.11,12,2.43,24,2025-02-14,ACTIVE,2025-02-14,2025-12-21
PROD01106,SKU-BOO-BUS-01106,The Lean Startup,Books,Business,Whirlpool,SUP00533,1193,1562.47,30.97,28,0.97,0,2024-02-17,ACTIVE,2024-02-17,2026-01-06
PROD01107,SKU-GRO-BEV-01107,Coffee,Grocery,Beverages,Himalaya,SUP00550,2469,3267.2,32.33,0,1.79,6,2025-11-17,DISCONTINUED,2025-11-17,2026-06-03
PROD01108,SKU-ELE-TAB-01108,Lenovo Tab,Electronics,Tablets,Philips,SUP00510,62127,84315.66,35.72,18,4.11,24,2025-04-15,ACTIVE,2025-04-15,2026-04-11
PROD01109,SKU-HOM-LAU-01109,Washing Machine,Home Appliances,Laundry,Levis,SUP00523,44659,62124.95,39.11,12,28.23,6,2022-10-06,ACTIVE,2022-10-06,2025-11-21
PROD01110,SKU-FOO-CAS-01110,Loafers,Footwear,Casual Shoes,IFB,SUP00536,2640,3263.93,23.63,28,1.45,18,2024-06-04,ACTIVE,2024-06-04,2024-10-31
PROD01111,SKU-FOO-SPO-01111,Running Shoes,Footwear,Sports Shoes,Levis,SUP00518,2625,3126.85,19.12,28,1.56,6,2022-09-20,ACTIVE,2022-09-20,2026-06-22
PROD01112,SKU-BEA-SKI-01112,Face Wash,Beauty,Skin Care,Levis,SUP00511,913,1228.78,34.59,18,1.48,6,2023-03-22,ACTIVE,2023-03-22,2024-10-26
PROD01113,SKU-ELE-LAP-01113,Pavilion 15,Electronics,Laptops,Dell,SUP00503,60034,83230.43,38.64,5,7.51,12,2020-06-02,ACTIVE,2020-06-02,2023-10-07
PROD01114,SKU-FOO-SPO-01114,Walking Shoes,Footwear,Sports Shoes,Nike,SUP00518,1979,2756.04,39.26,12,0.58,18,2022-11-19,ACTIVE,2022-11-19,2022-12-17
PROD01115,SKU-FOO-CAS-01115,Loafers,Footwear,Casual Shoes,OnePlus,SUP00526,1181,1423.62,20.54,5,1.11,6,2020-01-28,ACTIVE,2020-01-28,2024-05-17
PROD01116,SKU-BEA-HAI-01116,Conditioner,Beauty,Hair Care,Asus,SUP00504,1447,1715.37,18.55,12,0.56,36,2025-08-20,ACTIVE,2025-08-20,2025-10-19
PROD01117,SKU-FOO-SAN-01117,Women Sandals,Footwear,Sandals,Philips,SUP00545,4899,6975.39,42.38,28,1.66,6,2022-10-10,DISCONTINUED,2022-10-10,2023-03-26
PROD01118,SKU-GRO-PUL-01118,Chana Dal,Grocery,Pulses,Levis,SUP00510,773,965.04,24.84,28,1.38,36,2022-04-21,DISCONTINUED,2022-04-21,2025-01-16
PROD01119,SKU-ELE-TAB-01119,Lenovo Tab,Electronics,Tablets,Tata,SUP00502,59897,73453.92,22.63,0,6.02,24,2020-10-26,ACTIVE,2020-10-26,2025-07-27
PROD01120,SKU-ELE-TEL-01120,Android TV,Electronics,Television,Dell,SUP00550,25750,35528.52,37.97,18,3.12,18,2025-01-11,ACTIVE,2025-01-11,2026-01-30
PROD01121,SKU-GRO-BEV-01121,Green Tea,Grocery,Beverages,Lenovo,SUP00547,1012,1417.25,40.04,0,2.94,18,2024-10-03,DISCONTINUED,2024-10-03,2025-10-26
PROD01122,SKU-ELE-MOB-01122,Nothing Phone 2,Electronics,Mobile Phones,Raymond,SUP00550,10050,12283.11,22.22,0,0.99,0,2025-01-02,DISCONTINUED,2025-01-02,2025-02-20
PROD01123,SKU-HOM-COO-01123,Air Conditioner,Home Appliances,Cooling,Tata,SUP00537,23399,30962.55,32.32,12,12.19,6,2025-11-05,ACTIVE,2025-11-05,2026-02-18
PROD01124,SKU-FOO-SAN-01124,Women Sandals,Footwear,Sandals,Samsung,SUP00523,3522,4880.58,38.57,12,1.48,18,2021-09-03,ACTIVE,2021-09-03,2023-10-13
PROD01125,SKU-FOO-SPO-01125,Walking Shoes,Footwear,Sports Shoes,Philips,SUP00527,4965,6499.17,30.9,18,0.71,6,2023-09-14,ACTIVE,2023-09-14,2026-04-15
PROD01126,SKU-GRO-RIC-01126,Basmati Rice,Grocery,Rice,HP,SUP00549,2389,2902.89,21.51,5,2.62,12,2023-05-26,ACTIVE,2023-05-26,2024-08-01
PROD01127,SKU-GRO-PUL-01127,Moong Dal,Grocery,Pulses,Asus,SUP00536,1417,1959.22,38.27,18,1.45,36,2024-01-11,ACTIVE,2024-01-11,2024-10-04
PROD01128,SKU-FAS-MEN-01128,Jeans,Fashion,Men,Whirlpool,SUP00527,487,642.23,31.87,5,1.15,0,2022-12-04,DISCONTINUED,2022-12-04,2026-03-14
PROD01129,SKU-FOO-SAN-01129,Women Sandals,Footwear,Sandals,Sony,SUP00549,4402,6338.67,44.0,18,1.08,36,2023-12-13,ACTIVE,2023-12-13,2024-05-04
PROD01130,SKU-ELE-MOB-01130,Galaxy S24 Ultra,Electronics,Mobile Phones,Fortune,SUP00501,62053,73920.48,19.12,5,0.73,6,2020-02-07,ACTIVE,2020-02-07,2025-10-09
PROD01131,SKU-ELE-MOB-01131,Nothing Phone 2,Electronics,Mobile Phones,Apple,SUP00502,77391,105767.02,36.67,28,7.82,0,2025-08-19,ACTIVE,2025-08-19,2025-11-18
PROD01132,SKU-FAS-WOM-01132,Kurti,Fashion,Women,IFB,SUP00526,2180,1680.0,31.95,5,0.55,0,2020-05-09,ACTIVE,2020-05-09,2024-11-24
PROD01133,SKU-FOO-SAN-01133,Women Sandals,Footwear,Sandals,Allen Solly,SUP00507,4726,6738.07,42.57,5,0.66,36,2025-05-01,ACTIVE,2025-05-01,2025-05-24
PROD01134,SKU-BOO-BUS-01134,Rich Dad Poor Dad,Books,Business,HP,SUP00538,445,612.18,37.57,18,2.79,12,2021-10-27,DISCONTINUED,2021-10-27,2023-03-03
PROD01135,SKU-BOO-TEC-01135,SQL Handbook,Books,Technology,Tata,SUP00523,259,305.44,17.93,5,2.53,12,2024-06-12,ACTIVE,2024-06-12,2024-07-12
PROD01136,SKU-HOM-LAU-01136,Washing Machine,Home Appliances,Laundry,Fortune,SUP00540,21857,30368.48,38.94,0,5.53,6,2024-04-05,ACTIVE,2024-04-05,2026-05-02
PROD01137,SKU-ELE-LAP-01137,MacBook Air M3,Electronics,Laptops,Dell,SUP00528,66830,88021.49,31.71,28,3.38,0,2021-01-02,ACTIVE,2021-01-02,2024-02-11
PROD01138,SKU-ELE-LAP-01138,IdeaPad Slim 5,Electronics,Laptops,Puma,SUP00511,57903,69532.85,20.09,12,2.55,18,2021-08-20,ACTIVE,2021-08-20,2022-07-28
PROD01139,SKU-BEA-HAI-01139,Conditioner,Beauty,Hair Care,Raymond,SUP00513,1017,1202.19,18.21,12,0.12,18,2023-09-22,DISCONTINUED,2023-09-22,2024-10-15
PROD01140,SKU-HOM-COO-01140,Ceiling Fan,Home Appliances,Cooling,Raymond,SUP00545,15663,20263.27,29.37,5,43.48,12,2023-04-08,ACTIVE,2023-04-08,2026-06-30
PROD01141,SKU-HOM-CLE-01141,Vacuum Cleaner,Home Appliances,Cleaning,Tata,SUP00530,16239,20810.87,28.15,12,37.75,0,2024-08-02,ACTIVE,2024-08-02,2024-12-22
PROD01142,SKU-GRO-BEV-01142,Green Tea,Grocery,Beverages,Prestige,SUP00535,2175,3103.83,42.7,18,1.68,12,2020-12-14,ACTIVE,2020-12-14,2025-04-06
PROD01143,SKU-BEA-HAI-01143,Hair Oil,Beauty,Hair Care,Aashirvaad,SUP00528,296,341.34,15.32,12,0.74,36,2025-10-25,DISCONTINUED,2025-10-25,2026-03-22
PROD01144,SKU-HOM-COO-01144,Air Conditioner,Home Appliances,Cooling,Adidas,SUP00507,21861,27868.24,27.48,0,6.99,36,2021-08-03,ACTIVE,2021-08-03,2023-05-03
PROD01145,SKU-FOO-CAS-01145,Sneakers,Footwear,Casual Shoes,LG,SUP00503,1342,1552.39,15.68,12,1.4,36,2021-11-04,ACTIVE,2021-11-04,2024-09-25
PROD01146,SKU-HOM-CLE-01146,Steam Mop,Home Appliances,Cleaning,Prestige,SUP00502,42746,60482.56,41.49,18,27.46,18,2020-01-19,ACTIVE,2020-01-19,2022-05-10
PROD01147,SKU-FAS-WOM-01147,Top,Fashion,Women,Nike,SUP00508,1374,1856.56,35.12,18,0.86,36,2023-07-07,DISCONTINUED,2023-07-07,2025-09-09
PROD01148,SKU-BEA-HAI-01148,Conditioner,Beauty,Hair Care,Allen Solly,SUP00506,1456,1732.91,19.02,0,0.79,0,2022-01-19,ACTIVE,2022-01-19,2025-12-09
PROD01149,SKU-GRO-PUL-01149,Chana Dal,Grocery,Pulses,Dell,SUP00532,1283,1529.45,19.21,12,2.54,24,2020-08-07,ACTIVE,2020-08-07,2020-09-15
PROD01150,SKU-FOO-CAS-01150,Loafers,Footwear,Casual Shoes,Adidas,SUP00511,1077,1421.23,31.96,5,0.8,12,2022-07-09,DISCONTINUED,2022-07-09,2024-02-20
PROD01151,SKU-ELE-TEL-01151,QLED TV,Electronics,Television,Levis,SUP00549,13453,18538.25,37.8,18,4.46,18,2021-02-23,ACTIVE,2021-02-23,2022-10-25
PROD01152,SKU-ELE-LAP-01152,Inspiron 15,Electronics,Laptops,Aashirvaad,SUP00548,85060,115404.31,35.67,28,5.14,6,2021-07-24,ACTIVE,2021-07-24,2026-02-14
PROD01153,SKU-BEA-HAI-01153,Hair Oil,Beauty,Hair Care,Allen Solly,SUP00518,1133,1637.92,44.56,0,0.49,18,2020-08-30,ACTIVE,2020-08-30,2022-01-31
PROD01154,SKU-FOO-CAS-01154,Sneakers,Footwear,Casual Shoes,Allen Solly,SUP00541,2601,3481.03,33.83,18,1.07,36,2021-01-16,ACTIVE,2021-01-16,2023-12-07
PROD01155,SKU-BOO-TEC-01155,SQL Handbook,Books,Technology,Nike,SUP00541,883,1240.64,40.5,28,1.25,18,2022-05-17,ACTIVE,2022-05-17,2023-11-17
PROD01156,SKU-BEA-SKI-01156,Face Wash,Beauty,Skin Care,Xiaomi,SUP00541,1685,2360.7,40.1,0,0.46,6,2024-12-12,ACTIVE,2024-12-12,2024-12-12
PROD01157,SKU-BOO-BUS-01157,Rich Dad Poor Dad,Books,Business,Himalaya,SUP00524,-662,777.67,17.47,5,0.25,36,2023-06-05,ACTIVE,2023-06-05,2025-10-31
PROD01158,SKU-BEA-HAI-01158,Shampoo,Beauty,Hair Care,Apple,SUP00545,783,1092.39,39.51,18,2.11,18,2020-10-17,ACTIVE,2020-10-17,2025-02-02
PROD01159,SKU-BOO-TEC-01159,SQL Handbook,Books,Technology,Nivea,SUP00510,290,379.65,30.91,0,1.87,6,2024-12-07,ACTIVE,2024-12-07,2025-07-13
PROD01160,SKU-ELE-LAP-01160,MacBook Air M3,Electronics,Laptops,Allen Solly,SUP00547,58335,73237.3,25.55,18,2.65,6,2022-10-11,ACTIVE,2022-10-11,2026-05-23
PROD01161,SKU-BOO-BUS-01161,Rich Dad Poor Dad,Books,Business,Puma,SUP00539,1193,1439.47,20.66,18,0.96,0,2022-09-07,ACTIVE,2022-09-07,2024-11-05
PROD01162,SKU-FAS-MEN-01162,T-Shirt,Fashion,Men,,SUP00527,1796,2359.78,31.39,5,1.18,0,2020-03-09,DISCONTINUED,2020-03-09,2020-12-10
PROD01163,SKU-BEA-FRA-01163,Deodorant,Beauty,Fragrance,Philips,SUP00545,903,1060.78,17.47,28,1.66,6,2023-02-10,ACTIVE,2023-02-10,2024-11-05
PROD01164,SKU-BOO-TEC-01164,Spark Essentials,Books,Technology,Mamaearth,SUP00528,638,744.78,16.74,0,2.78,0,2025-01-31,DISCONTINUED,2025-01-31,2025-03-28
PROD01165,SKU-HOM-LAU-01165,Washing Machine,Home Appliances,Laundry,Puma,SUP00534,19490,23389.73,20.01,5,34.24,12,2021-04-28,ACTIVE,2021-04-28,2023-03-15
PROD01166,SKU-FOO-SAN-01166,Women Sandals,Footwear,Sandals,Samsung,SUP00532,1767,2226.96,26.03,12,1.61,24,2021-04-17,ACTIVE,2021-04-17,2025-06-12
PROD01167,SKU-HOM-CLE-01167,Vacuum Cleaner,Home Appliances,Cleaning,Levis,SUP00546,29983,36499.94,21.74,5,19.9,36,2023-08-03,ACTIVE,2023-08-03,2024-01-09
PROD01168,SKU-ELE-TAB-01168,iPad Air,Electronics,Tablets,Nike,SUP00519,48723,60815.57,24.82,28,3.76,12,2022-04-01,ACTIVE,2022-04-01,2025-05-29
PROD01169,SKU-BOO-TEC-01169,SQL Handbook,Books,Technology,,SUP00549,652,779.25,19.52,18,0.17,24,2023-11-19,ACTIVE,2023-11-19,2024-10-27
PROD01170,SKU-HOM-LAU-01170,Washing Machine,Home Appliances,Laundry,Samsung,SUP00510,20838,24545.25,17.79,5,40.58,24,2024-08-18,ACTIVE,2024-08-18,2025-11-30
PROD01171,SKU-GRO-RIC-01171,Premium Rice,Grocery,Rice,Nivea,SUP00509,1069,1322.89,23.75,12,2.79,18,2023-08-29,ACTIVE,2023-08-29,2026-03-13
PROD01172,SKU-HOM-LAU-01172,Washing Machine,Home Appliances,Laundry,Whirlpool,SUP00527,10412,13647.81,31.08,5,21.43,18,2022-12-21,ACTIVE,2022-12-21,2023-06-24
PROD01173,SKU-FAS-MEN-01173,Formal Shirt,Fashion,Men,Mamaearth,SUP00516,1757,2229.41,26.89,0,1.06,12,2021-12-13,ACTIVE,2021-12-13,2024-03-20
PROD01174,SKU-ELE-MOB-01174,Galaxy S24 Ultra,Electronics,Mobile Phones,Fortune,SUP00515,25133,30396.85,20.94,18,3.1,36,2020-12-10,DISCONTINUED,2020-12-10,2024-03-24
PROD01175,SKU-HOM-KIT-01175,Microwave Oven,Home Appliances,Kitchen,Xiaomi,SUP00503,32711,38114.57,16.52,28,20.63,36,2024-06-05,ACTIVE,2024-06-05,2024-07-05
PROD01176,SKU-HOM-KIT-01176,Juicer,Home Appliances,Kitchen,Raymond,SUP00540,18607,25011.22,34.42,18,19.72,24,2025-05-16,ACTIVE,2025-05-16,2025-06-29
PROD01177,SKU-BOO-TEC-01177,Spark Essentials,Books,Technology,Aashirvaad,SUP00546,885,1145.11,29.39,18,1.1,24,2025-08-19,ACTIVE,2025-08-19,2026-03-05
PROD01178,SKU-BOO-BUS-01178,The Lean Startup,Books,Business,IFB,SUP00550,626,902.81,44.22,0,0.82,6,2022-12-27,DISCONTINUED,2022-12-27,2023-04-20
PROD01179,SKU-BOO-TEC-01179,Python Programming,Books,Technology,Asus,SUP00538,801,1114.88,39.19,12,2.75,0,2023-12-11,DISCONTINUED,2023-12-11,2025-07-10
PROD01180,SKU-HOM-LAU-01180,Washing Machine,Home Appliances,Laundry,OnePlus,SUP00504,17745,23609.7,33.05,0,24.64,0,2023-09-20,DISCONTINUED,2023-09-20,2024-04-13
PROD01181,SKU-HOM-CLE-01181,Vacuum Cleaner,Home Appliances,Cleaning,Puma,SUP00524,7253,9153.85,26.21,18,27.2,12,2023-05-21,ACTIVE,2023-05-21,2024-02-24
PROD01182,SKU-BEA-FRA-01182,Deodorant,Beauty,Fragrance,Asus,SUP00543,1286,1793.12,39.43,18,0.99,36,2023-04-21,ACTIVE,2023-04-21,2024-04-18
PROD01183,SKU-ELE-LAP-01183,IdeaPad Slim 5,Electronics,Laptops,Whirlpool,SUP00540,36953,49587.01,34.19,0,7.51,6,2023-09-18,ACTIVE,2023-09-18,2024-05-18
PROD01184,SKU-BEA-HAI-01184,Hair Oil,Beauty,Hair Care,Apple,SUP00517,509,623.45,22.49,0,1.12,0,2020-01-06,ACTIVE,2020-01-06,2024-05-04
PROD01185,SKU-FOO-SPO-01185,Training Shoes,Footwear,Sports Shoes,Aashirvaad,SUP00537,2247,2693.7,19.88,0,1.66,0,2023-04-22,ACTIVE,2023-04-22,2025-02-02
PROD01186,SKU-ELE-TEL-01186,Android TV,Electronics,Television,Mamaearth,SUP00502,64534,92459.97,43.27,5,4.94,18,2021-10-05,ACTIVE,2021-10-05,2022-04-30
PROD01187,SKU-BEA-HAI-01187,Hair Oil,Beauty,Hair Care,Asus,SUP00507,181,229.48,26.78,28,2.54,6,2020-08-11,ACTIVE,2020-08-11,2020-08-26
PROD01188,SKU-HOM-COO-01188,Air Conditioner,Home Appliances,Cooling,Adidas,SUP00508,22708,31461.09,38.55,18,23.03,36,2022-12-21,ACTIVE,2022-12-21,2026-01-08
PROD01189,SKU-FAS-MEN-01189,Jeans,Fashion,Men,Allen Solly,SUP00504,919,1264.24,37.57,0,0.27,12,2024-08-22,DISCONTINUED,2024-08-22,2025-04-11
PROD01190,SKU-FOO-SAN-01190,Men Sandals,Footwear,Sandals,Adidas,SUP00520,1046,1326.79,26.84,0,1.15,24,2021-08-26,ACTIVE,2021-08-26,2025-11-23
PROD01191,SKU-ELE-TAB-01191,Galaxy Tab,Electronics,Tablets,Himalaya,SUP00510,85994,105546.1,22.74,0,0.88,24,2024-06-15,DISCONTINUED,2024-06-15,2025-05-14
PROD01192,SKU-BOO-BUS-01192,Rich Dad Poor Dad,Books,Business,Philips,SUP00510,453,597.95,32.0,28,2.3,0,2021-03-08,DISCONTINUED,2021-03-08,2025-07-21
PROD01193,SKU-FOO-SAN-01193,Women Sandals,Footwear,Sandals,Samsung,SUP00512,2656,3375.49,27.09,28,1.33,36,2024-07-03,ACTIVE,2024-07-03,2025-08-12
PROD01194,SKU-ELE-TEL-01194,QLED TV,Electronics,Television,LG,SUP00518,72437,101952.94,40.75,0,7.79,6,2021-07-04,ACTIVE,2021-07-04,2025-09-04
PROD01195,SKU-HOM-LAU-01195,Washing Machine,Home Appliances,Laundry,Fortune,SUP00534,27004,37705.83,39.63,28,36.03,0,2023-06-28,DISCONTINUED,2023-06-28,2025-10-01
PROD01196,SKU-BOO-TEC-01196,Python Programming,Books,Technology,Samsung,SUP00530,253,360.63,42.54,5,0.89,18,2025-08-30,ACTIVE,2025-08-30,2025-11-01
PROD01197,SKU-GRO-OIL-01197,Groundnut Oil,Grocery,Oil,Dell,SUP00517,470,580.69,23.55,18,0.24,24,2022-05-27,ACTIVE,2022-05-27,2026-01-11
PROD01198,SKU-BEA-SKI-01198,Moisturizer,Beauty,Skin Care,Lenovo,SUP00542,434,577.37,33.03,0,0.75,24,2023-06-05,ACTIVE,2023-06-05,2025-10-19
PROD01199,SKU-GRO-BEV-01199,Green Tea,Grocery,Beverages,Xiaomi,SUP00501,2195,3182.37,44.98,12,1.73,24,2023-03-03,ACTIVE,2023-03-03,2023-10-10
PROD01200,SKU-BEA-HAI-01200,Shampoo,Beauty,Hair Care,Lenovo,SUP00534,1647,2012.78,22.21,0,2.44,24,2024-07-13,ACTIVE,2024-07-13,2026-06-10
