order_id,customer_id,product_name,category,quantity,order_amount,order_status,order_date
10001,150,Office Chair,Furniture,2,4609,CANCELLED,2024-02-09
10002,268,Wireless Mouse,Electronics,4,4258,PENDING,2025-01-11
10003,111,Air Fryer,Home Appliances,3,4035,CANCELLED,2025-05-24
10004,279,Blender,Home Appliances,4,,PENDING,2024-11-07
10005,244,Travel Bag,Accessories,5,,COMPLETED,2024-08-09
10006,311,Water Bottle,Accessories,4,3790,CANCELLED,2024-08-12
10007,254,Bookshelf,Furniture,5,4167,PENDING,2024-05-02
10008,337,Wireless Mouse,Electronics,2,4870,COMPLETED,2024-05-18
10009,164,T-Shirt,Clothing,5,1515,PENDING,2025-12-04
10010,190,Keyboard,Electronics,3,4729,PENDING,2024-04-16
10011,141,Running Shoes,Footwear,5,2779,CANCELLED,2025-07-11
10012,166,Standing Desk,Furniture,5,2789,CANCELLED,2025-01-27
10013,347,Monitor,Electronics,2,196,PENDING,2024-03-13
10014,145,Bookshelf,Furniture,5,2267,COMPLETED,2024-08-28
10015,215,Backpack,Accessories,5,1959,CANCELLED,2025-06-24
10016,232,Smartphone,Electronics,1,4681,CANCELLED,2025-05-03
10017,176,Bookshelf,Furniture,2,4391,CANCELLED,2024-10-22
10018,252,Air Fryer,Home Appliances,5,2333,PENDING,2024-04-12
10019,250,Electric Kettle,Home Appliances,3,1735,COMPLETED,2025-01-06
10020,334,Headphones,Electronics,3,1042,COMPLETED,2024-09-08
10021,113,Jeans,Clothing,4,2459,COMPLETED,2025-06-25
10022,185,Wireless Mouse,Electronics,1,4643,CANCELLED,2025-12-26
10023,311,Blender,Home Appliances,4,2060,PENDING,2025-01-15
10024,232,Standing Desk,Furniture,2,3425,COMPLETED,2025-05-03
10025,336,Travel Bag,Accessories,3,3536,CANCELLED,2024-01-21
10026,356,Water Bottle,Accessories,4,845,PENDING,2025-05-16
10027,124,Laptop,Electronics,2,3229,COMPLETED,2025-10-29
10028,175,Tablet,Electronics,3,2079,COMPLETED,2025-07-23
10029,106,Jeans,Clothing,1,4663,COMPLETED,2024-05-31
10030,304,Jeans,Clothing,2,4698,PENDING,2024-01-31
10031,147,Monitor,Electronics,3,1661,PENDING,2024-03-21
10032,123,Jacket,Clothing,5,4668,COMPLETED,2025-03-31
10033,112,Tablet,Electronics,3,4767,PENDING,2025-12-19
10034,125,T-Shirt,Clothing,2,4540,CANCELLED,2025-11-08
10035,308,Travel Bag,Accessories,2,1991,COMPLETED,2025-09-05
10036,254,Water Bottle,Accessories,1,1915,CANCELLED,2025-11-10
10037,387,Travel Bag,Accessories,4,106,COMPLETED,2024-07-10
10038,338,Electric Kettle,Home Appliances,5,2552,COMPLETED,2024-12-26
10039,281,Office Chair,Furniture,1,4916,PENDING,2024-02-18
10040,156,Backpack,Accessories,5,709,COMPLETED,2025-03-25
10041,244,Running Shoes,Footwear,5,659,COMPLETED,2025-12-04
10042,246,Office Chair,Furniture,2,2914,COMPLETED,2024-02-18
10043,386,Coffee Table,Furniture,4,3311,CANCELLED,2024-12-25
10044,210,Air Fryer,Home Appliances,1,2746,CANCELLED,2025-11-17
10045,271,Laptop,Electronics,1,2981,PENDING,2024-03-18
10046,396,Sneakers,Footwear,1,,PENDING,2024-06-13
10047,195,Jacket,Clothing,2,2569,PENDING,2024-01-04
10048,240,Water Bottle,Accessories,5,547,COMPLETED,2024-07-03
10049,320,Laptop,Electronics,3,3682,CANCELLED,2025-01-31
10050,308,Bookshelf,Furniture,5,2417,PENDING,2024-10-31
10051,157,Smartphone,Electronics,4,3741,COMPLETED,2024-06-08
10052,308,Jacket,Clothing,5,1209,PENDING,2024-03-18
10053,330,Jeans,Clothing,3,2759,PENDING,2024-09-02
10054,230,Smartwatch,Electronics,1,1890,PENDING,2025-01-02
10055,393,Air Fryer,Home Appliances,2,4443,CANCELLED,2025-11-12
10056,128,Coffee Table,Furniture,4,2646,COMPLETED,2025-08-29
10057,208,Blender,Home Appliances,4,2969,PENDING,2025-04-08
10058,398,Tablet,Electronics,3,3926,COMPLETED,2024-09-19
10059,357,Jacket,Clothing,2,1501,CANCELLED,2025-11-16
10060,298,Coffee Table,Furniture,2,4653,CANCELLED,2024-07-01
10061,240,Smartphone,Electronics,4,704,CANCELLED,2025-06-07
10062,324,Wireless Mouse,Electronics,3,2599,CANCELLED,2024-05-19
10063,139,Smartphone,Electronics,1,2312,COMPLETED,2025-12-10
10064,299,Jeans,Clothing,1,1076,CANCELLED,2025-02-15
10065,380,Office Chair,Furniture,1,1215,CANCELLED,2024-11-20
10066,241,Water Bottle,Accessories,1,4458,COMPLETED,2024-11-20
10067,107,Blender,Home Appliances,2,2068,PENDING,2025-12-20
10068,322,Blender,Home Appliances,1,2704,CANCELLED,2025-09-21
10069,193,Monitor,Electronics,4,4253,PENDING,2025-09-13
10070,120,Jeans,Clothing,3,1342,COMPLETED,2024-07-10
10071,153,Sneakers,Footwear,2,2120,PENDING,2025-09-17
10072,223,Office Chair,Furniture,4,1733,CANCELLED,2024-02-26
10073,155,Jacket,Clothing,2,2702,PENDING,2024-10-24
10074,397,Coffee Table,Furniture,1,3669,COMPLETED,2024-01-23
10075,158,Microwave Oven,Home Appliances,4,775,PENDING,2025-11-12
10076,396,Water Bottle,Accessories,2,3378,COMPLETED,2025-09-13
10077,124,Headphones,Electronics,2,1029,CANCELLED,2024-05-10
10078,118,Blender,Home Appliances,3,3310,COMPLETED,2025-07-17
10079,279,Electric Kettle,Home Appliances,3,3424,COMPLETED,2024-06-01
10080,104,Office Chair,Furniture,2,3132,CANCELLED,2024-10-15
10081,108,Coffee Table,Furniture,4,,PENDING,2024-12-28
10082,393,Electric Kettle,Home Appliances,4,1073,CANCELLED,2024-05-16
10083,352,Laptop,Electronics,3,1105,PENDING,2024-12-13
10084,358,Standing Desk,Furniture,5,4823,PENDING,2024-09-12
10085,352,Bookshelf,Furniture,3,4923,CANCELLED,2024-11-15
10086,366,Monitor,Electronics,4,577,COMPLETED,2024-07-29
10087,323,Monitor,Electronics,1,4293,CANCELLED,2025-03-16
10088,361,Travel Bag,Accessories,1,3578,PENDING,2024-01-24
10089,205,Laptop,Electronics,3,1273,COMPLETED,2025-11-26
10090,375,Laptop,Electronics,5,4136,PENDING,2025-01-16
10091,326,Jeans,Clothing,1,3756,PENDING,2024-07-16
10092,304,Smartwatch,Electronics,3,2295,COMPLETED,2024-04-21
10093,178,Water Bottle,Accessories,5,1187,COMPLETED,2024-11-03
10094,167,Bookshelf,Furniture,4,3479,PENDING,2025-02-03
10095,314,Blender,Home Appliances,5,1622,PENDING,2025-12-16
10096,240,Electric Kettle,Home Appliances,2,2684,CANCELLED,2025-01-18
10097,338,Keyboard,Electronics,4,1172,PENDING,2024-01-11
10098,261,Blender,Home Appliances,4,4939,COMPLETED,2025-05-02
10099,379,Electric Kettle,Home Appliances,3,2627,CANCELLED,2024-10-02
10100,196,Smartwatch,Electronics,2,1951,COMPLETED,2025-12-07
10101,242,Water Bottle,Accessories,2,4106,CANCELLED,2025-12-12
10102,375,Sneakers,Footwear,2,1971,COMPLETED,2024-06-30
10103,315,Sneakers,Footwear,4,1456,COMPLETED,2025-09-21
10104,400,Electric Kettle,Home Appliances,1,3751,PENDING,2024-06-07
10105,193,Running Shoes,Footwear,1,3985,PENDING,2025-06-19
10106,322,Sneakers,Footwear,5,4385,CANCELLED,2024-12-27
10107,204,Backpack,Accessories,4,750,PENDING,2024-12-06
10108,154,Smartwatch,Electronics,3,655,CANCELLED,2024-04-28
10109,137,Jeans,Clothing,1,1937,PENDING,2025-08-24
10110,109,Coffee Table,Furniture,2,2804,PENDING,2024-08-14
10111,191,Jacket,Clothing,4,1897,COMPLETED,2025-07-09
10112,220,Blender,Home Appliances,4,110,,2024-08-15
10113,294,Blender,Home Appliances,3,1738,COMPLETED,2025-11-14
10114,224,Backpack,Accessories,2,,PENDING,2025-03-13
10115,278,Coffee Table,Furniture,1,2076,PENDING,2024-04-08
10116,308,Air Fryer,Home Appliances,2,1386,PENDING,2025-04-04
10117,332,T-Shirt,Clothing,2,1065,CANCELLED,2025-10-26
10118,215,Tablet,Electronics,3,1638,COMPLETED,2024-02-20
10119,388,Jeans,Clothing,4,2789,PENDING,2024-12-03
10120,194,Laptop,Electronics,3,4679,CANCELLED,2025-08-09
10121,208,Office Chair,Furniture,2,4018,COMPLETED,2025-04-18
10122,188,Standing Desk,Furniture,1,2597,COMPLETED,2025-02-16
10123,209,Electric Kettle,Home Appliances,4,1307,COMPLETED,2024-03-15
10124,281,Travel Bag,Accessories,1,3900,CANCELLED,2025-01-06
10125,171,Backpack,Accessories,5,2425,COMPLETED,2025-12-28
10126,287,Blender,Home Appliances,3,4067,PENDING,2024-04-03
10127,369,Sneakers,Footwear,3,1037,PENDING,2024-04-11
10128,384,Laptop,Electronics,1,4406,PENDING,2024-08-03
10129,365,Headphones,Electronics,1,4304,COMPLETED,2024-09-10
10130,242,Bookshelf,Furniture,2,3523,PENDING,2025-11-08
10131,104,Bookshelf,Furniture,3,4923,CANCELLED,2024-10-05
10132,336,Bookshelf,Furniture,2,3891,CANCELLED,2024-05-04
10133,195,Air Fryer,Home Appliances,1,2297,PENDING,2025-08-11
10134,392,Travel Bag,Accessories,4,4985,CANCELLED,2024-07-09
10135,263,T-Shirt,Clothing,2,4959,CANCELLED,2024-03-09
10136,184,T-Shirt,Clothing,1,3423,PENDING,2024-08-02
10137,277,Running Shoes,Footwear,1,4802,PENDING,2025-02-06
10138,119,T-Shirt,Clothing,5,2012,PENDING,2024-09-27
10139,392,T-Shirt,Clothing,2,1783,COMPLETED,2024-06-16
10140,106,Bookshelf,Furniture,4,1082,CANCELLED,2024-10-18
10141,276,Blender,Home Appliances,1,3189,CANCELLED,2025-08-09
10142,320,Bookshelf,Furniture,5,1502,PENDING,2024-12-19
10143,308,Jeans,Clothing,2,1929,COMPLETED,2025-11-06
10144,176,Monitor,Electronics,2,2023,COMPLETED,2025-08-22
10145,169,Coffee Table,Furniture,1,4029,CANCELLED,2024-12-23
10146,138,Backpack,Accessories,3,101,COMPLETED,2025-04-30
10147,130,Coffee Table,Furniture,5,3748,PENDING,2024-07-14
10148,315,Office Chair,Furniture,1,2265,PENDING,2025-06-20
10149,362,Office Chair,Furniture,1,429,COMPLETED,2024-11-04
10150,119,Microwave Oven,Home Appliances,2,4235,PENDING,2024-04-01
10151,101,Smartphone,Electronics,5,1712,COMPLETED,2024-01-20
10152,149,Jacket,Clothing,4,3406,PENDING,2024-05-14
10153,217,Laptop,Electronics,3,2837,PENDING,2025-03-23
10154,204,Wireless Mouse,Electronics,3,4711,CANCELLED,2024-03-02
10155,324,Air Fryer,Home Appliances,5,4142,COMPLETED,2025-01-05
10156,314,Coffee Table,Furniture,3,2935,CANCELLED,2025-10-06
10157,279,Sneakers,Footwear,2,1284,COMPLETED,2025-01-26
10158,385,Backpack,Accessories,4,401,COMPLETED,2025-01-03
10159,220,Backpack,Accessories,5,3957,PENDING,2025-09-09
10160,175,Coffee Table,Furniture,2,4749,CANCELLED,2025-06-10
10161,166,Electric Kettle,Home Appliances,3,4742,PENDING,2024-11-29
10162,153,Bookshelf,Furniture,1,4449,CANCELLED,2024-06-03
10163,262,T-Shirt,Clothing,4,4376,COMPLETED,2025-10-13
10164,313,Water Bottle,Accessories,5,1901,PENDING,2025-01-16
10165,399,Running Shoes,Footwear,1,4813,PENDING,2024-11-01
10166,368,Wireless Mouse,Electronics,2,1491,COMPLETED,2025-09-27
10167,312,Jeans,Clothing,5,630,PENDING,2024-09-07
10168,229,Blender,Home Appliances,3,575,COMPLETED,2024-07-23
10169,333,Bookshelf,Furniture,3,661,CANCELLED,2025-05-20
10170,143,Keyboard,Electronics,1,3980,CANCELLED,2024-03-12
10171,263,Bookshelf,Furniture,2,2155,COMPLETED,2024-09-13
10172,291,Water Bottle,Accessories,3,631,COMPLETED,2025-01-13
10173,282,Headphones,Electronics,4,876,COMPLETED,2024-10-08
10174,261,Smartphone,Electronics,3,3377,CANCELLED,2025-07-13
10175,205,Backpack,Accessories,5,3703,CANCELLED,2025-09-17
10176,304,Keyboard,Electronics,4,723,PENDING,2024-02-02
10177,328,Tablet,Electronics,4,739,PENDING,2025-06-29
10178,273,Backpack,Accessories,4,1565,CANCELLED,2025-04-28
10179,184,Microwave Oven,Home Appliances,1,967,CANCELLED,2025-09-05
10180,110,Headphones,Electronics,4,1318,CANCELLED,2024-06-06
10181,319,Blender,Home Appliances,5,4705,CANCELLED,2025-04-15
10182,216,Headphones,Electronics,1,4048,PENDING,2025-08-21
10183,304,Jeans,Clothing,4,3753,COMPLETED,2024-04-06
10184,241,Backpack,Accessories,4,4004,PENDING,2024-08-14
10185,312,Wireless Mouse,Electronics,4,332,COMPLETED,2025-10-09
10186,247,Blender,Home Appliances,2,3064,PENDING,2025-12-31
10187,342,Laptop,Electronics,4,458,PENDING,2025-01-07
10188,296,Bookshelf,Furniture,3,3921,COMPLETED,2025-02-04
10189,396,Jeans,Clothing,3,4227,PENDING,2025-04-01
10190,136,T-Shirt,Clothing,1,3043,PENDING,2025-01-31
10191,400,Headphones,Electronics,5,1344,CANCELLED,2024-01-05
10192,283,Sneakers,Footwear,1,2519,CANCELLED,2024-03-15
10193,213,Backpack,Accessories,2,615,CANCELLED,2024-12-26
10194,203,Electric Kettle,Home Appliances,1,4981,CANCELLED,2025-12-26
10195,168,Laptop,Electronics,1,1516,CANCELLED,2024-09-28
10196,258,Smartphone,Electronics,5,2081,PENDING,2024-11-22
10197,371,Office Chair,Furniture,1,1320,COMPLETED,2025-02-05
10198,328,Sneakers,Footwear,1,4453,PENDING,2024-03-28
10199,167,Electric Kettle,Home Appliances,1,1193,PENDING,2024-03-29
10200,224,Monitor,Electronics,3,1958,COMPLETED,2024-05-17
10201,131,Air Fryer,Home Appliances,4,3906,CANCELLED,2025-08-13
10202,390,Air Fryer,Home Appliances,2,4917,COMPLETED,2024-03-13
10203,243,Sneakers,Footwear,4,4216,PENDING,2024-03-30
10204,201,Bookshelf,Furniture,4,3277,PENDING,2024-09-11
10205,210,Air Fryer,Home Appliances,4,4907,COMPLETED,2024-09-12
10206,105,Laptop,Electronics,1,2472,COMPLETED,2024-10-25
10207,374,Headphones,Electronics,3,3973,PENDING,2024-06-24
10208,376,Bookshelf,Furniture,4,4234,COMPLETED,2024-04-16
10209,336,Sneakers,Footwear,5,3264,CANCELLED,2024-04-26
10210,336,Sneakers,Footwear,1,2171,PENDING,2024-01-04
10211,289,Smartphone,Electronics,1,4127,COMPLETED,2025-04-20
10212,246,Headphones,Electronics,1,4505,PENDING,2024-02-15
10213,153,Coffee Table,Furniture,5,1356,CANCELLED,2024-12-04
10214,276,Wireless Mouse,Electronics,2,2166,PENDING,2025-09-19
10215,110,Jacket,Clothing,1,634,COMPLETED,2024-12-02
10216,305,Running Shoes,Footwear,3,,PENDING,2025-12-03
10217,133,Monitor,Electronics,1,4582,PENDING,2024-05-13
10218,204,Microwave Oven,Home Appliances,5,3546,PENDING,2024-08-10
10219,212,Microwave Oven,Home Appliances,1,312,CANCELLED,2025-10-23
10220,203,Water Bottle,Accessories,2,3023,PENDING,2025-06-12
10221,240,Standing Desk,Furniture,3,3009,COMPLETED,2025-07-23
10222,311,Smartwatch,Electronics,5,1894,CANCELLED,2025-10-21
10223,372,Laptop,Electronics,2,3550,COMPLETED,2025-08-08
10224,216,Keyboard,Electronics,2,1778,PENDING,2024-03-01
10225,102,Tablet,Electronics,3,2729,PENDING,2025-12-25
10226,201,Smartwatch,Electronics,2,4390,PENDING,2025-02-20
10227,108,Headphones,Electronics,1,689,COMPLETED,2024-12-06
10228,135,Water Bottle,Accessories,4,4779,CANCELLED,2025-09-30
10229,128,Tablet,Electronics,2,1890,CANCELLED,2024-06-20
10230,161,Coffee Table,Furniture,4,2138,CANCELLED,2025-09-17
10231,104,Travel Bag,Accessories,2,1916,PENDING,2024-07-09
10232,233,Microwave Oven,Home Appliances,4,243,PENDING,2024-12-11
10233,234,Jeans,Clothing,5,3326,COMPLETED,2025-02-17
10234,245,Smartwatch,Electronics,4,3632,COMPLETED,2025-06-28
10235,383,Smartwatch,Electronics,5,1367,COMPLETED,2025-05-10
10236,236,Air Fryer,Home Appliances,5,768,CANCELLED,2025-04-05
10237,223,Jacket,Clothing,5,1489,COMPLETED,2024-01-10
10238,352,Sneakers,Footwear,5,685,CANCELLED,2024-11-25
10239,195,Office Chair,Furniture,4,4630,,2024-11-26
10240,315,Air Fryer,Home Appliances,3,3085,PENDING,2024-08-15
10241,306,Electric Kettle,Home Appliances,5,653,CANCELLED,2024-02-01
10242,253,Water Bottle,Accessories,1,4437,COMPLETED,2025-11-07
10243,173,Running Shoes,Footwear,3,1243,COMPLETED,2024-10-29
10244,259,Water Bottle,Accessories,4,2432,COMPLETED,2025-10-27
10245,226,Air Fryer,Home Appliances,3,4703,PENDING,2025-11-21
10246,293,Microwave Oven,Home Appliances,2,1271,PENDING,2025-08-25
10247,364,Tablet,Electronics,5,3760,PENDING,2024-07-19
10248,172,Bookshelf,Furniture,2,3012,PENDING,2025-08-28
10249,326,Electric Kettle,Home Appliances,4,3346,PENDING,2025-07-20
10250,270,Blender,Home Appliances,4,2683,COMPLETED,2024-06-07
10251,254,Coffee Table,Furniture,3,4729,PENDING,2025-01-09
10252,378,Standing Desk,Furniture,4,4282,CANCELLED,2025-03-11
10253,277,Air Fryer,Home Appliances,5,1571,PENDING,2025-01-13
10254,167,Electric Kettle,Home Appliances,3,2318,PENDING,2024-08-01
10255,298,Blender,Home Appliances,5,1365,COMPLETED,2024-07-06
10256,354,Air Fryer,Home Appliances,1,3848,CANCELLED,2025-03-13
10257,307,Coffee Table,Furniture,3,3040,COMPLETED,2025-10-05
10258,113,Tablet,Electronics,2,1189,COMPLETED,2024-12-31
10259,164,Coffee Table,Furniture,4,2776,PENDING,2024-05-06
10260,251,Bookshelf,Furniture,1,1671,PENDING,2024-07-22
10261,250,Blender,Home Appliances,1,803,PENDING,2025-02-26
10262,130,Backpack,Accessories,2,898,PENDING,2025-11-10
10263,147,Backpack,Accessories,3,560,COMPLETED,2024-06-21
10264,295,Monitor,Electronics,4,1267,PENDING,2024-12-09
10265,260,Running Shoes,Footwear,2,2097,PENDING,2025-05-29
10266,251,Microwave Oven,Home Appliances,2,2290,COMPLETED,2024-09-28
10267,232,Running Shoes,Footwear,2,4389,COMPLETED,2024-08-19
10268,364,Tablet,Electronics,4,4981,COMPLETED,2024-04-24
10269,190,Tablet,Electronics,5,2105,PENDING,2024-09-01
10270,398,Electric Kettle,Home Appliances,5,4234,PENDING,2024-08-23
10271,334,Standing Desk,Furniture,3,,PENDING,2024-09-30
10272,175,Sneakers,Footwear,3,2170,PENDING,2025-11-25
10273,227,Smartwatch,Electronics,3,212,CANCELLED,2024-08-18
10274,247,Backpack,Accessories,5,358,COMPLETED,2025-06-18
10275,208,Tablet,Electronics,5,653,COMPLETED,2024-07-24
10276,246,Wireless Mouse,Electronics,5,3835,CANCELLED,2024-12-17
10277,333,Microwave Oven,Home Appliances,5,2224,CANCELLED,2025-10-18
10278,378,Tablet,Electronics,2,4449,PENDING,2025-02-22
10279,189,Keyboard,Electronics,1,661,PENDING,2025-07-11
10280,377,Microwave Oven,Home Appliances,2,741,PENDING,2024-01-28
10281,277,Monitor,Electronics,3,1257,CANCELLED,2025-09-23
10282,163,Keyboard,Electronics,5,3728,PENDING,2024-01-02
10283,176,Monitor,Electronics,4,742,COMPLETED,2024-01-19
10284,123,Jeans,Clothing,5,4032,CANCELLED,2024-05-28
10285,211,Standing Desk,Furniture,1,3079,CANCELLED,2024-03-14
10286,342,Water Bottle,Accessories,3,3247,CANCELLED,2024-01-29
10287,262,Water Bottle,Accessories,5,2335,CANCELLED,2024-09-03
10288,184,Travel Bag,Accessories,3,979,PENDING,2024-04-07
10289,231,T-Shirt,Clothing,4,2172,CANCELLED,2025-05-19
10290,307,T-Shirt,Clothing,3,3134,PENDING,2025-05-01
10291,173,Smartwatch,Electronics,4,4368,COMPLETED,2024-11-14
10292,296,Backpack,Accessories,3,2364,CANCELLED,2025-12-02
10293,396,Laptop,Electronics,2,4560,COMPLETED,2025-05-14
10294,385,Smartwatch,Electronics,1,726,CANCELLED,2025-06-05
10295,343,Jeans,Clothing,3,516,PENDING,2024-11-18
10296,109,Standing Desk,Furniture,1,738,COMPLETED,2024-02-05
10297,113,T-Shirt,Clothing,4,2071,COMPLETED,2024-10-26
10298,241,Coffee Table,Furniture,3,4544,COMPLETED,2025-05-25
10299,378,Blender,Home Appliances,5,3408,PENDING,2025-04-29
10300,102,Bookshelf,Furniture,2,3755,CANCELLED,2025-08-14
10301,175,Coffee Table,Furniture,1,2398,CANCELLED,2025-07-27
10302,297,Smartphone,Electronics,5,4358,CANCELLED,2024-05-03
10303,297,Electric Kettle,Home Appliances,1,664,PENDING,2025-06-01
10304,174,Monitor,Electronics,3,2981,COMPLETED,2025-03-02
10305,170,Headphones,Electronics,3,1163,PENDING,2025-05-20
10306,213,Tablet,Electronics,4,4814,CANCELLED,2024-04-22
10307,387,Blender,Home Appliances,1,2510,PENDING,2025-10-04
10308,139,Water Bottle,Accessories,5,788,COMPLETED,2025-10-22
10309,237,Monitor,Electronics,1,3577,PENDING,2024-04-06
10310,119,Bookshelf,Furniture,3,1545,COMPLETED,2024-05-18
10311,155,Tablet,Electronics,4,142,CANCELLED,2024-10-11
10312,356,Laptop,Electronics,5,1546,COMPLETED,2025-11-19
10313,135,Office Chair,Furniture,5,892,PENDING,2024-05-12
10314,230,Travel Bag,Accessories,1,2147,CANCELLED,2025-05-30
10315,144,Blender,Home Appliances,2,1071,CANCELLED,2025-03-25
10316,120,Smartwatch,Electronics,1,3880,COMPLETED,2025-05-11
10317,177,Jacket,Clothing,2,2343,PENDING,2024-10-03
10318,304,Wireless Mouse,Electronics,1,4348,PENDING,2024-04-27
10319,106,Tablet,Electronics,3,3897,PENDING,2025-06-16
10320,315,Standing Desk,Furniture,4,4701,CANCELLED,2024-07-05
10321,284,Tablet,Electronics,2,3783,PENDING,2024-03-05
10322,374,Sneakers,Footwear,2,2313,PENDING,2025-09-16
10323,373,Backpack,Accessories,4,1543,CANCELLED,2024-10-28
10324,102,Backpack,Accessories,5,338,PENDING,2024-06-13
10325,206,Tablet,Electronics,2,2425,CANCELLED,2024-11-04
10326,299,Headphones,Electronics,5,3940,CANCELLED,2024-11-21
10327,239,Keyboard,Electronics,3,1988,PENDING,2024-11-28
10328,395,Blender,Home Appliances,1,3691,COMPLETED,2025-10-08
10329,195,Tablet,Electronics,5,4922,CANCELLED,2024-06-25
10330,323,Standing Desk,Furniture,2,2272,,2024-06-04
10331,254,Bookshelf,Furniture,3,2304,PENDING,2024-11-03
10332,342,T-Shirt,Clothing,4,2410,COMPLETED,2024-05-09
10333,374,Running Shoes,Footwear,3,2301,CANCELLED,2024-07-03
10334,257,Water Bottle,Accessories,2,3606,COMPLETED,2025-05-10
10335,170,Tablet,Electronics,5,3971,CANCELLED,2024-08-23
10336,171,Bookshelf,Furniture,3,3684,CANCELLED,2024-08-15
10337,132,Air Fryer,Home Appliances,3,2301,CANCELLED,2025-12-04
10338,374,Microwave Oven,Home Appliances,2,658,PENDING,2024-04-23
10339,141,Bookshelf,Furniture,3,4639,COMPLETED,2024-12-30
10340,296,Blender,Home Appliances,3,1992,PENDING,2025-09-10
10341,291,Wireless Mouse,Electronics,5,407,PENDING,2025-10-18
10342,342,Microwave Oven,Home Appliances,3,1483,PENDING,2024-11-01
10343,374,Backpack,Accessories,5,800,PENDING,2025-09-14
10344,331,Smartphone,Electronics,3,,PENDING,2024-08-24
10345,317,Jeans,Clothing,3,2862,PENDING,2024-07-08
10346,264,Tablet,Electronics,4,4737,PENDING,2025-02-04
10347,134,Bookshelf,Furniture,1,2766,COMPLETED,2024-08-06
10348,139,Jacket,Clothing,2,1609,CANCELLED,2024-12-13
10349,158,Jeans,Clothing,2,3835,COMPLETED,2025-07-29
10350,103,Laptop,Electronics,2,2552,PENDING,2025-12-21
10351,397,Office Chair,Furniture,5,838,PENDING,2025-05-06
10352,337,Jacket,Clothing,1,773,CANCELLED,2024-02-02
10353,201,Microwave Oven,Home Appliances,3,4257,COMPLETED,2024-04-13
10354,276,Backpack,Accessories,3,3372,PENDING,2025-04-07
10355,304,Running Shoes,Footwear,4,,PENDING,2025-11-19
10356,235,Electric Kettle,Home Appliances,1,2525,CANCELLED,2024-06-28
10357,232,Laptop,Electronics,3,1781,COMPLETED,2024-11-20
10358,273,Blender,Home Appliances,4,1013,COMPLETED,2025-11-24
10359,163,Air Fryer,Home Appliances,3,4610,PENDING,2024-08-27
10360,233,Standing Desk,Furniture,1,4582,PENDING,2025-04-11
10361,400,Blender,Home Appliances,1,2099,PENDING,2025-06-03
10362,257,Travel Bag,Accessories,4,3404,PENDING,2024-03-26
10363,342,Smartwatch,Electronics,3,4598,COMPLETED,2025-11-04
10364,384,Water Bottle,Accessories,3,3768,CANCELLED,2024-02-29
10365,128,Laptop,Electronics,3,4127,PENDING,2025-08-12
10366,101,Backpack,Accessories,5,,PENDING,2025-07-27
10367,257,Coffee Table,Furniture,5,2087,COMPLETED,2025-04-18
10368,301,Office Chair,Furniture,2,4074,COMPLETED,2024-03-26
10369,205,Smartwatch,Electronics,2,2987,PENDING,2025-07-05
10370,144,Tablet,Electronics,5,853,PENDING,2024-09-26
10371,178,Water Bottle,Accessories,3,2240,COMPLETED,2024-11-16
10372,261,Office Chair,Furniture,3,480,COMPLETED,2024-03-24
10373,366,Laptop,Electronics,5,1018,PENDING,2025-04-03
10374,367,Air Fryer,Home Appliances,4,4449,,2024-05-17
10375,399,Air Fryer,Home Appliances,1,235,COMPLETED,2024-01-22
10376,163,Laptop,Electronics,3,142,CANCELLED,2025-08-15
10377,144,Standing Desk,Furniture,1,4336,PENDING,2025-11-30
10378,173,Water Bottle,Accessories,2,,PENDING,2025-09-04
10379,253,Backpack,Accessories,5,2247,PENDING,2025-07-26
10380,341,Travel Bag,Accessories,3,3178,COMPLETED,2024-01-10
10381,106,T-Shirt,Clothing,1,994,PENDING,2025-03-26
10382,314,Keyboard,Electronics,4,3022,COMPLETED,2025-04-07
10383,208,T-Shirt,Clothing,3,2865,COMPLETED,2025-05-31
10384,110,Travel Bag,Accessories,1,2016,COMPLETED,2025-12-08
10385,366,Wireless Mouse,Electronics,1,1665,CANCELLED,2024-10-07
10386,282,Keyboard,Electronics,3,1995,CANCELLED,2024-12-22
10387,127,Standing Desk,Furniture,2,1877,COMPLETED,2024-05-29
10388,263,Office Chair,Furniture,3,2169,CANCELLED,2024-03-10
10389,356,Water Bottle,Accessories,5,3932,CANCELLED,2024-05-17
10390,217,Water Bottle,Accessories,1,1561,COMPLETED,2024-12-18
10391,304,Water Bottle,Accessories,4,2044,CANCELLED,2024-11-02
10392,134,Running Shoes,Footwear,1,3312,PENDING,2024-12-10
10393,240,Blender,Home Appliances,5,289,PENDING,2025-03-22
10394,182,Bookshelf,Furniture,4,307,PENDING,2025-07-11
10395,268,Wireless Mouse,Electronics,4,1401,PENDING,2025-01-20
10396,107,Running Shoes,Footwear,2,3457,COMPLETED,2024-04-01
10397,149,Coffee Table,Furniture,1,936,COMPLETED,2025-09-03
10398,223,Sneakers,Footwear,4,1380,PENDING,2025-03-04
10399,196,Headphones,Electronics,4,3935,COMPLETED,2024-06-09
10400,269,Monitor,Electronics,5,4995,PENDING,2024-04-09
10401,166,Jacket,Clothing,4,1065,CANCELLED,2025-06-16
10402,387,Office Chair,Furniture,2,2224,COMPLETED,2024-10-20
10403,203,Smartwatch,Electronics,4,4461,PENDING,2024-01-27
10404,170,Jacket,Clothing,4,4207,COMPLETED,2024-12-14
10405,372,Backpack,Accessories,5,3019,COMPLETED,2025-07-16
10406,176,Wireless Mouse,Electronics,1,4118,COMPLETED,2024-10-04
10407,268,Bookshelf,Furniture,3,3700,PENDING,2025-05-12
10408,232,Sneakers,Footwear,3,3990,CANCELLED,2024-12-01
10409,290,Running Shoes,Footwear,4,1957,CANCELLED,2024-08-06
10410,126,Standing Desk,Furniture,4,4003,COMPLETED,2024-06-20
10411,355,Water Bottle,Accessories,1,1896,COMPLETED,2025-02-22
10412,355,Standing Desk,Furniture,5,863,PENDING,2024-11-04
10413,201,Office Chair,Furniture,5,382,PENDING,2025-06-27
10414,182,Headphones,Electronics,1,366,COMPLETED,2025-11-06
10415,373,Coffee Table,Furniture,3,3394,,2024-02-08
10416,132,Office Chair,Furniture,1,4164,COMPLETED,2025-06-28
10417,167,T-Shirt,Clothing,5,1333,PENDING,2025-03-03
10418,162,Smartphone,Electronics,4,3662,CANCELLED,2025-08-09
10419,116,Smartphone,Electronics,1,1637,COMPLETED,2024-11-16
10420,343,Keyboard,Electronics,5,2164,CANCELLED,2025-11-07
10421,290,Jeans,Clothing,5,3272,COMPLETED,2024-09-30
10422,119,Monitor,Electronics,5,2153,COMPLETED,2024-09-10
10423,361,Laptop,Electronics,2,1568,COMPLETED,2024-07-29
10424,280,Sneakers,Footwear,1,1902,CANCELLED,2024-08-20
10425,160,Bookshelf,Furniture,5,2446,COMPLETED,2025-02-14
10426,249,Smartphone,Electronics,2,2635,CANCELLED,2025-01-21
10427,399,Sneakers,Footwear,4,2958,CANCELLED,2024-04-18
10428,287,Jacket,Clothing,5,844,CANCELLED,2025-01-06
10429,202,Bookshelf,Furniture,3,2208,COMPLETED,2024-04-09
10430,186,Sneakers,Footwear,5,975,COMPLETED,2024-01-11
10431,108,Keyboard,Electronics,4,1529,PENDING,2024-11-28
10432,181,Headphones,Electronics,1,4332,PENDING,2024-11-29
10433,366,Jeans,Clothing,1,2238,PENDING,2025-05-05
10434,266,Jacket,Clothing,1,1423,PENDING,2024-10-26
10435,218,T-Shirt,Clothing,1,1599,CANCELLED,2024-12-28
10436,211,Backpack,Accessories,1,3987,COMPLETED,2024-04-13
10437,380,Smartphone,Electronics,2,4097,PENDING,2024-07-29
10438,196,Air Fryer,Home Appliances,4,2765,CANCELLED,2025-04-06
10439,136,Laptop,Electronics,2,,CANCELLED,2024-08-20
10440,360,Blender,Home Appliances,2,2208,COMPLETED,2024-01-11
10441,208,Keyboard,Electronics,2,3626,CANCELLED,2025-09-16
10442,217,Monitor,Electronics,5,2938,PENDING,2024-12-13
10443,201,Smartphone,Electronics,3,215,CANCELLED,2024-11-26
10444,159,Bookshelf,Furniture,2,1334,COMPLETED,2025-05-10
10445,286,Jeans,Clothing,4,2353,COMPLETED,2025-04-18
10446,129,Monitor,Electronics,4,2946,COMPLETED,2025-09-08
10447,188,Laptop,Electronics,1,3778,PENDING,2024-08-20
10448,205,Tablet,Electronics,4,4505,CANCELLED,2024-04-21
10449,165,Coffee Table,Furniture,2,2972,COMPLETED,2025-04-03
10450,400,Laptop,Electronics,5,737,PENDING,2024-06-27
10451,356,Running Shoes,Footwear,1,394,CANCELLED,2025-11-09
10452,138,Wireless Mouse,Electronics,1,4015,COMPLETED,2025-08-29
10453,299,Water Bottle,Accessories,5,3865,PENDING,2024-09-06
10454,122,Headphones,Electronics,3,2248,CANCELLED,2024-06-07
10455,345,Monitor,Electronics,5,3891,COMPLETED,2025-02-20
10456,225,Office Chair,Furniture,5,1893,COMPLETED,2025-10-31
10457,326,Air Fryer,Home Appliances,4,768,CANCELLED,2024-07-22
10458,254,Microwave Oven,Home Appliances,2,4273,CANCELLED,2024-03-17
10459,338,Backpack,Accessories,3,1158,COMPLETED,2025-08-18
10460,152,Smartwatch,Electronics,5,1187,CANCELLED,2024-09-29
10461,308,Standing Desk,Furniture,4,4461,CANCELLED,2024-09-15
10462,195,Monitor,Electronics,2,1798,PENDING,2025-08-17
10463,315,Jacket,Clothing,1,3242,COMPLETED,2024-12-19
10464,376,Tablet,Electronics,3,202,,2024-09-15
10465,362,Office Chair,Furniture,1,1782,COMPLETED,2024-11-30
10466,140,Microwave Oven,Home Appliances,1,2390,COMPLETED,2024-06-13
10467,375,Jacket,Clothing,2,2459,CANCELLED,2025-07-13
10468,249,Smartwatch,Electronics,3,4841,CANCELLED,2024-09-13
10469,163,Tablet,Electronics,5,1675,CANCELLED,2024-10-09
10470,288,Electric Kettle,Home Appliances,3,3882,CANCELLED,2024-09-17
10471,386,Smartwatch,Electronics,5,1383,COMPLETED,2025-07-26
10472,254,Bookshelf,Furniture,3,1566,COMPLETED,2024-07-31
10473,120,Electric Kettle,Home Appliances,3,3028,COMPLETED,2024-02-08
10474,383,Backpack,Accessories,3,1097,CANCELLED,2024-10-01
10475,299,Keyboard,Electronics,4,4230,PENDING,2025-11-11
10476,159,Blender,Home Appliances,3,3154,PENDING,2024-08-30
10477,154,Smartphone,Electronics,3,3092,PENDING,2025-03-06
10478,269,Water Bottle,Accessories,4,2093,CANCELLED,2024-07-18
10479,235,Office Chair,Furniture,4,1496,CANCELLED,2024-08-22
10480,387,Tablet,Electronics,5,284,COMPLETED,2024-11-17
10481,199,Smartwatch,Electronics,5,3138,CANCELLED,2025-06-08
10482,259,Microwave Oven,Home Appliances,4,1555,COMPLETED,2024-05-09
10483,291,Jacket,Clothing,4,453,COMPLETED,2024-10-08
10484,336,Blender,Home Appliances,4,3480,PENDING,2025-09-06
10485,262,Running Shoes,Footwear,1,2339,CANCELLED,2024-12-27
10486,174,Travel Bag,Accessories,2,4220,CANCELLED,2024-07-01
10487,373,Smartwatch,Electronics,4,2223,COMPLETED,2025-08-12
10488,176,Running Shoes,Footwear,1,1266,COMPLETED,2024-01-22
10489,389,Tablet,Electronics,2,4652,COMPLETED,2024-01-03
10490,355,T-Shirt,Clothing,1,4348,PENDING,2024-10-30
10491,198,Laptop,Electronics,2,4230,PENDING,2025-12-27
10492,123,Electric Kettle,Home Appliances,3,1514,COMPLETED,2024-10-03
10493,372,Headphones,Electronics,2,917,COMPLETED,2024-08-06
10494,377,Jacket,Clothing,5,406,COMPLETED,2024-12-05
10495,355,Wireless Mouse,Electronics,5,3151,CANCELLED,2025-06-27
10496,235,Microwave Oven,Home Appliances,1,3887,COMPLETED,2025-07-31
10497,356,Headphones,Electronics,5,2017,PENDING,2024-11-19
10498,210,Smartphone,Electronics,3,2044,CANCELLED,2025-04-24
10499,378,Running Shoes,Footwear,3,1471,PENDING,2024-06-28
10500,307,Smartphone,Electronics,4,1535,PENDING,2025-05-11
10501,124,Tablet,Electronics,2,4228,COMPLETED,2025-08-05
10502,349,Microwave Oven,Home Appliances,5,4704,PENDING,2024-09-14
10503,305,Standing Desk,Furniture,3,2419,CANCELLED,2025-02-03
10504,375,Laptop,Electronics,3,1697,PENDING,2025-11-22
10505,303,Standing Desk,Furniture,2,2458,COMPLETED,2025-07-13
10506,280,Microwave Oven,Home Appliances,3,4963,CANCELLED,2024-10-01
10507,110,Air Fryer,Home Appliances,4,466,CANCELLED,2025-11-12
10508,172,Air Fryer,Home Appliances,4,1941,,2024-02-04
10509,105,Keyboard,Electronics,5,3777,CANCELLED,2024-03-16
10510,118,Jeans,Clothing,5,2216,COMPLETED,2024-02-08
10511,102,Microwave Oven,Home Appliances,4,4953,COMPLETED,2025-12-17
10512,225,Backpack,Accessories,3,,PENDING,2025-05-07
10513,207,Wireless Mouse,Electronics,1,570,COMPLETED,2024-05-03
10514,161,Smartphone,Electronics,4,700,PENDING,2024-11-19
10515,186,Tablet,Electronics,4,2299,CANCELLED,2024-07-24
10516,143,Air Fryer,Home Appliances,2,2827,COMPLETED,2024-10-09
10517,377,Water Bottle,Accessories,3,3513,COMPLETED,2025-03-02
10518,373,Smartwatch,Electronics,2,1514,CANCELLED,2024-01-01
10519,264,Bookshelf,Furniture,5,4533,CANCELLED,2024-08-28
10520,108,Wireless Mouse,Electronics,4,1851,PENDING,2025-12-18
10521,170,Office Chair,Furniture,5,4762,PENDING,2025-10-28
10522,350,Coffee Table,Furniture,2,392,CANCELLED,2025-05-22
10523,370,Air Fryer,Home Appliances,4,330,CANCELLED,2024-12-01
10524,162,Office Chair,Furniture,4,730,CANCELLED,2025-10-29
10525,201,Keyboard,Electronics,5,3064,COMPLETED,2024-02-24
10526,217,Water Bottle,Accessories,2,1231,PENDING,2025-06-25
10527,363,Microwave Oven,Home Appliances,5,844,,2025-01-01
10528,181,Office Chair,Furniture,3,3348,CANCELLED,2025-02-04
10529,280,Electric Kettle,Home Appliances,2,4881,PENDING,2025-02-05
10530,140,Smartwatch,Electronics,3,2721,COMPLETED,2024-05-01
10531,352,Office Chair,Furniture,2,1342,PENDING,2025-06-25
10532,227,Keyboard,Electronics,4,1473,PENDING,2025-09-21
10533,360,Keyboard,Electronics,3,946,COMPLETED,2024-07-28
10534,323,Backpack,Accessories,3,2217,PENDING,2025-07-23
10535,288,Air Fryer,Home Appliances,3,779,PENDING,2025-08-14
10536,186,Monitor,Electronics,4,4337,COMPLETED,2024-10-25
10537,298,Coffee Table,Furniture,3,1726,PENDING,2024-06-07
10538,149,Water Bottle,Accessories,3,1868,COMPLETED,2025-11-12
10539,289,Electric Kettle,Home Appliances,2,2529,COMPLETED,2024-12-07
10540,120,Backpack,Accessories,4,,,2025-03-26
10541,228,Smartphone,Electronics,5,3793,PENDING,2025-03-20
10542,335,Running Shoes,Footwear,2,3570,PENDING,2024-12-06
10543,108,Smartphone,Electronics,2,1068,CANCELLED,2025-05-07
10544,372,Monitor,Electronics,5,1558,COMPLETED,2024-12-10
10545,351,Air Fryer,Home Appliances,4,3208,CANCELLED,2024-03-06
10546,107,Coffee Table,Furniture,2,3854,COMPLETED,2024-12-29
10547,139,Keyboard,Electronics,4,3322,CANCELLED,2024-05-17
10548,167,Blender,Home Appliances,4,4006,PENDING,2024-02-18
10549,379,Running Shoes,Footwear,2,2057,PENDING,2024-06-02
10550,147,Keyboard,Electronics,3,2956,PENDING,2025-03-18
10551,154,Travel Bag,Accessories,1,2437,COMPLETED,2024-08-16
10552,300,Air Fryer,Home Appliances,4,1343,PENDING,2024-08-02
10553,173,Headphones,Electronics,1,3817,PENDING,2025-05-26
10554,183,Standing Desk,Furniture,5,1459,CANCELLED,2025-08-22
10555,155,Air Fryer,Home Appliances,1,2170,PENDING,2025-01-07
10556,174,Laptop,Electronics,5,4040,PENDING,2024-04-29
10557,279,Bookshelf,Furniture,1,4409,CANCELLED,2024-04-07
10558,343,Standing Desk,Furniture,1,4595,PENDING,2024-04-03
10559,137,Travel Bag,Accessories,2,2832,CANCELLED,2025-12-15
10560,384,Coffee Table,Furniture,1,1960,COMPLETED,2024-05-10
10561,395,Travel Bag,Accessories,1,3426,CANCELLED,2024-03-16
10562,208,Headphones,Electronics,5,3388,PENDING,2025-01-24
10563,288,Coffee Table,Furniture,2,1244,CANCELLED,2025-12-15
10564,216,Bookshelf,Furniture,3,2998,PENDING,2024-06-13
10565,271,Water Bottle,Accessories,2,4846,PENDING,2024-08-18
10566,352,Headphones,Electronics,2,1141,COMPLETED,2025-08-09
10567,330,Smartphone,Electronics,2,4156,CANCELLED,2024-06-25
10568,190,Standing Desk,Furniture,1,3953,CANCELLED,2025-11-08
10569,126,Water Bottle,Accessories,2,4688,COMPLETED,2024-09-30
10570,259,Backpack,Accessories,5,878,CANCELLED,2024-03-01
10571,197,Monitor,Electronics,2,4816,CANCELLED,2025-02-05
10572,101,Keyboard,Electronics,1,3174,PENDING,2024-10-09
10573,313,T-Shirt,Clothing,4,4646,COMPLETED,2025-08-10
10574,199,Tablet,Electronics,5,,COMPLETED,2024-06-03
10575,345,Smartphone,Electronics,4,3671,PENDING,2025-11-06
10576,262,Smartwatch,Electronics,5,4551,COMPLETED,2025-08-28
10577,110,Blender,Home Appliances,4,2018,PENDING,2025-12-28
10578,193,Laptop,Electronics,3,2233,CANCELLED,2025-10-06
10579,291,Sneakers,Footwear,4,764,CANCELLED,2024-12-11
10580,393,Backpack,Accessories,5,1263,,2024-04-29
10581,296,Smartphone,Electronics,5,4812,PENDING,2025-06-26
10582,378,Water Bottle,Accessories,3,2657,PENDING,2025-02-08
10583,135,Blender,Home Appliances,2,4083,CANCELLED,2025-05-03
10584,178,Coffee Table,Furniture,4,4209,PENDING,2024-09-06
10585,248,Water Bottle,Accessories,3,946,COMPLETED,2024-03-06
10586,338,Water Bottle,Accessories,3,2900,COMPLETED,2024-11-08
10587,165,Standing Desk,Furniture,4,3382,COMPLETED,2024-09-11
10588,289,Smartwatch,Electronics,4,4698,COMPLETED,2024-07-31
10589,300,Microwave Oven,Home Appliances,1,4608,COMPLETED,2024-04-05
10590,173,Water Bottle,Accessories,1,3387,PENDING,2024-08-14
10591,291,Keyboard,Electronics,5,728,CANCELLED,2024-09-07
10592,148,Headphones,Electronics,4,1597,PENDING,2025-08-02
10593,241,Laptop,Electronics,3,396,CANCELLED,2024-05-18
10594,145,Smartwatch,Electronics,1,4752,COMPLETED,2025-04-19
10595,173,Water Bottle,Accessories,5,3147,CANCELLED,2024-09-17
10596,178,Smartwatch,Electronics,1,634,CANCELLED,2024-05-14
10597,270,Smartphone,Electronics,5,2865,COMPLETED,2025-06-09
10598,184,Coffee Table,Furniture,4,301,CANCELLED,2024-11-17
10599,324,Smartphone,Electronics,2,3145,,2025-02-27
10600,281,Backpack,Accessories,5,1851,COMPLETED,2024-07-04
10601,369,Tablet,Electronics,4,3497,PENDING,2024-08-24
10602,371,Electric Kettle,Home Appliances,4,1339,PENDING,2025-05-05
10603,172,Blender,Home Appliances,5,3575,PENDING,2025-04-18
10604,239,Sneakers,Footwear,4,2432,PENDING,2025-12-05
10605,170,Office Chair,Furniture,5,1837,COMPLETED,2024-10-28
10606,297,Standing Desk,Furniture,3,2229,CANCELLED,2025-05-24
10607,303,Smartphone,Electronics,2,4815,CANCELLED,2024-03-07
10608,147,Smartphone,Electronics,3,156,PENDING,2025-08-13
10609,326,Tablet,Electronics,2,3498,CANCELLED,2024-11-21
10610,292,T-Shirt,Clothing,2,170,COMPLETED,2024-10-12
10611,373,Smartphone,Electronics,2,1165,PENDING,2025-11-18
10612,289,Backpack,Accessories,3,2523,CANCELLED,2024-10-14
10613,293,Keyboard,Electronics,2,3598,PENDING,2024-12-17
10614,116,Tablet,Electronics,5,1747,PENDING,2024-11-25
10615,150,Office Chair,Furniture,5,3479,COMPLETED,2025-05-11
10616,399,Bookshelf,Furniture,3,1808,PENDING,2024-06-23
10617,386,T-Shirt,Clothing,2,2166,COMPLETED,2025-09-14
10618,341,Monitor,Electronics,3,2816,COMPLETED,2024-04-01
10619,200,Electric Kettle,Home Appliances,3,2065,CANCELLED,2024-04-11
10620,290,Standing Desk,Furniture,1,640,COMPLETED,2025-06-18
10621,400,Jeans,Clothing,4,4688,PENDING,2025-12-03
10622,141,Headphones,Electronics,3,2274,PENDING,2025-03-22
10623,187,Smartphone,Electronics,4,1968,CANCELLED,2024-01-08
10624,148,Tablet,Electronics,5,1918,CANCELLED,2025-05-07
10625,254,Jeans,Clothing,5,3486,PENDING,2024-08-29
10626,121,Office Chair,Furniture,3,2205,CANCELLED,2024-12-21
10627,262,Coffee Table,Furniture,3,997,CANCELLED,2024-04-27
10628,354,Smartphone,Electronics,5,3504,COMPLETED,2025-03-23
10629,280,Electric Kettle,Home Appliances,4,3635,COMPLETED,2025-07-14
10630,323,Keyboard,Electronics,1,1084,CANCELLED,2025-08-09
10631,191,Blender,Home Appliances,1,4985,COMPLETED,2025-09-10
10632,324,T-Shirt,Clothing,4,2751,PENDING,2024-11-15
10633,278,Backpack,Accessories,1,4250,PENDING,2025-04-24
10634,196,Coffee Table,Furniture,2,4703,CANCELLED,2024-03-18
10635,130,Bookshelf,Furniture,5,4871,COMPLETED,2024-07-17
10636,369,Jacket,Clothing,5,459,COMPLETED,2025-09-30
10637,114,Keyboard,Electronics,5,4615,CANCELLED,2024-02-01
10638,393,Standing Desk,Furniture,5,4788,CANCELLED,2025-01-28
10639,243,Tablet,Electronics,1,1998,CANCELLED,2024-04-10
10640,177,Headphones,Electronics,4,3398,PENDING,2024-09-25
10641,225,Standing Desk,Furniture,5,900,PENDING,2025-07-09
10642,236,Travel Bag,Accessories,1,3061,COMPLETED,2024-10-15
10643,182,Monitor,Electronics,5,3127,COMPLETED,2025-05-18
10644,287,Jacket,Clothing,5,3862,PENDING,2024-04-16
10645,150,Smartphone,Electronics,4,2398,COMPLETED,2024-07-04
10646,282,Microwave Oven,Home Appliances,3,1175,COMPLETED,2025-05-02
10647,120,Running Shoes,Footwear,4,3976,COMPLETED,2025-07-24
10648,250,Air Fryer,Home Appliances,4,1661,PENDING,2024-02-04
10649,266,Keyboard,Electronics,2,4527,CANCELLED,2024-01-03
10650,242,Smartphone,Electronics,2,3902,CANCELLED,2024-04-25
10651,158,Bookshelf,Furniture,1,4450,PENDING,2024-12-01
10652,179,Sneakers,Footwear,2,4290,PENDING,2024-04-05
10653,205,Running Shoes,Footwear,5,3205,PENDING,2025-06-12
10654,134,Wireless Mouse,Electronics,3,4904,CANCELLED,2024-10-23
10655,285,Office Chair,Furniture,3,4824,CANCELLED,2024-09-04
10656,328,Smartphone,Electronics,5,2055,PENDING,2025-12-12
10657,333,Water Bottle,Accessories,4,1906,COMPLETED,2024-08-21
10658,360,Keyboard,Electronics,3,,PENDING,2024-07-11
10659,159,Microwave Oven,Home Appliances,3,187,COMPLETED,2025-10-09
10660,319,Laptop,Electronics,3,4264,COMPLETED,2024-01-13
10661,122,Standing Desk,Furniture,4,3451,CANCELLED,2024-08-24
10662,337,Monitor,Electronics,5,4228,PENDING,2025-08-08
10663,171,Wireless Mouse,Electronics,5,1892,PENDING,2025-10-21
10664,118,Laptop,Electronics,2,3317,COMPLETED,2025-06-22
10665,307,Smartwatch,Electronics,2,4118,COMPLETED,2024-03-08
10666,388,Blender,Home Appliances,2,2643,PENDING,2025-09-27
10667,206,Backpack,Accessories,1,2970,COMPLETED,2025-03-15
10668,210,Blender,Home Appliances,2,2704,CANCELLED,2025-07-26
10669,158,Coffee Table,Furniture,4,1730,COMPLETED,2024-09-16
10670,101,Smartphone,Electronics,5,1963,CANCELLED,2025-07-25
10671,150,Laptop,Electronics,3,2935,COMPLETED,2025-01-30
10672,134,Standing Desk,Furniture,1,2905,COMPLETED,2025-03-05
10673,249,Microwave Oven,Home Appliances,4,3889,COMPLETED,2024-10-24
10674,154,Running Shoes,Footwear,4,,COMPLETED,2024-12-07
10675,153,Backpack,Accessories,2,296,CANCELLED,2025-12-23
10676,340,Sneakers,Footwear,5,2837,CANCELLED,2024-03-18
10677,109,Tablet,Electronics,2,2238,PENDING,2024-11-23
10678,274,Jeans,Clothing,1,711,CANCELLED,2025-03-13
10679,254,Backpack,Accessories,5,3807,PENDING,2025-05-09
10680,333,Tablet,Electronics,1,2525,COMPLETED,2024-11-02
10681,168,Keyboard,Electronics,1,3347,COMPLETED,2025-12-24
10682,120,T-Shirt,Clothing,1,1850,COMPLETED,2025-05-08
10683,184,Running Shoes,Footwear,1,2728,COMPLETED,2025-07-15
10684,348,Monitor,Electronics,4,2058,PENDING,2024-07-06
10685,293,Headphones,Electronics,3,1301,CANCELLED,2024-03-01
10686,326,Running Shoes,Footwear,3,139,COMPLETED,2024-11-09
10687,212,Electric Kettle,Home Appliances,5,2720,PENDING,2025-11-18
10688,158,Keyboard,Electronics,4,2009,PENDING,2025-12-28
10689,216,Microwave Oven,Home Appliances,1,891,PENDING,2025-06-16
10690,203,T-Shirt,Clothing,4,182,COMPLETED,2025-07-19
10691,392,Tablet,Electronics,3,3033,COMPLETED,2024-07-12
10692,233,Tablet,Electronics,4,3276,COMPLETED,2025-03-12
10693,176,Sneakers,Footwear,1,244,CANCELLED,2024-08-14
10694,170,Standing Desk,Furniture,2,3572,COMPLETED,2024-12-17
10695,130,Microwave Oven,Home Appliances,2,3242,CANCELLED,2025-11-17
10696,312,Smartphone,Electronics,2,4226,PENDING,2025-11-25
10697,104,Smartwatch,Electronics,5,339,COMPLETED,2025-11-29
10698,313,Sneakers,Footwear,4,3885,PENDING,2025-01-31
10699,317,Microwave Oven,Home Appliances,2,2770,PENDING,2025-05-02
10700,309,Water Bottle,Accessories,1,3999,CANCELLED,2024-05-14
10701,278,Headphones,Electronics,4,1629,PENDING,2025-09-22
10702,282,Smartphone,Electronics,2,1902,COMPLETED,2025-08-12
10703,342,Laptop,Electronics,4,686,CANCELLED,2024-08-29
10704,243,Air Fryer,Home Appliances,5,4951,PENDING,2025-06-13
10705,293,Bookshelf,Furniture,1,2484,COMPLETED,2025-07-10
10706,248,T-Shirt,Clothing,5,808,PENDING,2025-07-28
10707,180,Standing Desk,Furniture,4,647,CANCELLED,2025-12-24
10708,193,Wireless Mouse,Electronics,5,319,PENDING,2024-06-06
10709,237,Water Bottle,Accessories,5,378,COMPLETED,2024-03-13
10710,147,Standing Desk,Furniture,2,1773,PENDING,2024-11-12
10711,363,Bookshelf,Furniture,2,292,CANCELLED,2025-12-25
10712,397,Wireless Mouse,Electronics,3,3312,COMPLETED,2024-07-25
10713,248,Standing Desk,Furniture,5,2499,CANCELLED,2024-10-07
10714,362,Wireless Mouse,Electronics,5,2025,COMPLETED,2025-03-04
10715,283,Jeans,Clothing,2,4816,COMPLETED,2025-06-30
10716,389,Air Fryer,Home Appliances,1,3819,PENDING,2025-05-12
10717,365,T-Shirt,Clothing,1,3868,COMPLETED,2024-03-18
10718,144,Air Fryer,Home Appliances,1,2702,CANCELLED,2024-09-17
10719,236,Tablet,Electronics,1,2660,CANCELLED,2025-06-06
10720,262,Jacket,Clothing,5,769,PENDING,2025-05-20
10721,279,Running Shoes,Footwear,1,2750,PENDING,2024-09-25
10722,189,Wireless Mouse,Electronics,4,3825,PENDING,2024-05-28
10723,137,Keyboard,Electronics,1,1697,PENDING,2025-04-16
10724,294,Standing Desk,Furniture,1,1890,COMPLETED,2025-12-29
10725,339,Monitor,Electronics,3,3801,CANCELLED,2025-01-09
10726,394,Headphones,Electronics,3,2001,COMPLETED,2024-07-04
10727,348,Smartwatch,Electronics,1,205,PENDING,2025-08-03
10728,197,Tablet,Electronics,1,3013,PENDING,2024-08-20
10729,360,Wireless Mouse,Electronics,3,216,COMPLETED,2025-11-24
10730,235,Standing Desk,Furniture,5,2427,PENDING,2024-06-27
10731,332,Office Chair,Furniture,2,433,PENDING,2025-09-27
10732,150,Blender,Home Appliances,1,151,CANCELLED,2024-01-07
10733,380,Bookshelf,Furniture,5,4498,CANCELLED,2025-03-12
10734,108,Running Shoes,Footwear,3,1789,COMPLETED,2024-12-01
10735,155,Backpack,Accessories,1,3129,COMPLETED,2024-12-14
10736,346,Keyboard,Electronics,1,1407,PENDING,2024-01-12
10737,329,Microwave Oven,Home Appliances,4,3841,COMPLETED,2024-10-18
10738,233,Smartwatch,Electronics,4,3113,COMPLETED,2025-06-10
10739,235,Headphones,Electronics,2,1482,PENDING,2024-05-25
10740,318,Office Chair,Furniture,4,3007,PENDING,2024-07-28
10741,116,Laptop,Electronics,1,1300,CANCELLED,2025-02-22
10742,381,Keyboard,Electronics,1,1189,CANCELLED,2024-12-20
10743,294,T-Shirt,Clothing,2,2147,COMPLETED,2024-11-06
10744,103,Jeans,Clothing,2,4251,,2024-06-02
10745,397,Laptop,Electronics,5,4927,CANCELLED,2024-06-15
10746,348,Wireless Mouse,Electronics,2,4925,PENDING,2024-07-05
10747,157,Smartphone,Electronics,1,4632,PENDING,2024-04-02
10748,104,Monitor,Electronics,2,2061,PENDING,2025-08-04
10749,363,Office Chair,Furniture,3,1584,CANCELLED,2024-08-03
10750,159,Laptop,Electronics,3,982,CANCELLED,2024-05-19
10751,199,Office Chair,Furniture,5,4316,CANCELLED,2025-04-07
10752,271,Microwave Oven,Home Appliances,4,1475,COMPLETED,2025-04-06
10753,381,Tablet,Electronics,5,1460,COMPLETED,2025-05-21
10754,165,Keyboard,Electronics,4,2434,PENDING,2024-05-01
10755,187,Smartphone,Electronics,2,3614,PENDING,2025-12-31
10756,114,Jacket,Clothing,1,3642,COMPLETED,2025-09-11
10757,184,Laptop,Electronics,2,1649,COMPLETED,2025-10-27
10758,220,Travel Bag,Accessories,3,4754,CANCELLED,2024-11-07
10759,293,Office Chair,Furniture,1,2263,PENDING,2024-09-06
10760,367,Air Fryer,Home Appliances,3,3254,COMPLETED,2025-09-25
10761,138,Travel Bag,Accessories,2,4758,PENDING,2025-10-24
10762,296,Air Fryer,Home Appliances,3,337,CANCELLED,2025-12-26
10763,160,Sneakers,Footwear,5,2607,CANCELLED,2024-03-13
10764,165,Water Bottle,Accessories,2,2725,CANCELLED,2025-07-27
10765,276,Smartwatch,Electronics,2,3814,COMPLETED,2025-11-13
10766,134,Travel Bag,Accessories,5,1472,PENDING,2024-03-19
10767,369,Travel Bag,Accessories,5,180,PENDING,2024-05-19
10768,343,Jeans,Clothing,4,2520,COMPLETED,2024-09-22
10769,110,Electric Kettle,Home Appliances,1,4911,PENDING,2024-02-15
10770,107,Tablet,Electronics,3,4033,CANCELLED,2024-04-22
10771,201,Smartwatch,Electronics,1,3347,CANCELLED,2024-02-07
10772,290,T-Shirt,Clothing,1,1719,CANCELLED,2025-06-19
10773,393,Sneakers,Footwear,5,4458,PENDING,2025-03-10
10774,132,Smartphone,Electronics,3,3776,PENDING,2025-07-23
10775,309,Electric Kettle,Home Appliances,2,2007,PENDING,2024-04-04
10776,238,Microwave Oven,Home Appliances,5,,CANCELLED,2025-07-02
10777,265,Smartwatch,Electronics,2,4706,CANCELLED,2025-06-15
10778,215,Electric Kettle,Home Appliances,4,709,COMPLETED,2025-01-09
10779,292,Keyboard,Electronics,2,1502,CANCELLED,2025-01-04
10780,134,Blender,Home Appliances,3,1237,COMPLETED,2025-08-24
10781,306,Air Fryer,Home Appliances,5,2780,COMPLETED,2025-12-03
10782,125,Headphones,Electronics,1,1792,COMPLETED,2025-09-12
10783,222,Smartwatch,Electronics,5,2201,PENDING,2024-02-06
10784,131,Tablet,Electronics,2,907,CANCELLED,2025-09-04
10785,320,Jacket,Clothing,5,2228,PENDING,2025-12-22
10786,365,Microwave Oven,Home Appliances,4,3949,CANCELLED,2025-04-05
10787,173,Air Fryer,Home Appliances,3,3777,CANCELLED,2025-12-12
10788,329,Water Bottle,Accessories,3,1002,CANCELLED,2025-11-17
10789,294,Backpack,Accessories,2,109,CANCELLED,2025-10-07
10790,205,Smartwatch,Electronics,4,1432,PENDING,2025-10-02
10791,275,Laptop,Electronics,5,,COMPLETED,2025-07-21
10792,299,Monitor,Electronics,1,2398,COMPLETED,2024-04-03
10793,148,Air Fryer,Home Appliances,1,1010,PENDING,2024-11-18
10794,112,Jeans,Clothing,4,3519,CANCELLED,2025-01-13
10795,243,Coffee Table,Furniture,2,2701,COMPLETED,2024-08-24
10796,140,Smartphone,Electronics,4,3147,CANCELLED,2025-03-26
10797,293,Smartwatch,Electronics,2,3745,CANCELLED,2024-11-28
10798,343,Coffee Table,Furniture,2,3227,PENDING,2025-03-17
10799,298,Laptop,Electronics,4,292,COMPLETED,2025-11-16
10800,367,T-Shirt,Clothing,3,4173,COMPLETED,2025-01-27
10801,215,Jeans,Clothing,2,4750,PENDING,2025-02-26
10802,283,Running Shoes,Footwear,3,2427,CANCELLED,2024-02-17
10803,129,Jacket,Clothing,4,2267,PENDING,2024-04-22
10804,393,Office Chair,Furniture,5,1668,PENDING,2024-11-16
10805,349,Water Bottle,Accessories,2,4088,PENDING,2025-05-16
10806,185,Smartphone,Electronics,2,3070,COMPLETED,2024-09-09
10807,202,Sneakers,Footwear,5,1670,CANCELLED,2025-02-10
10808,116,Water Bottle,Accessories,4,4722,CANCELLED,2024-10-14
10809,283,Running Shoes,Footwear,4,156,CANCELLED,2024-12-19
10810,136,Water Bottle,Accessories,4,658,CANCELLED,2025-02-26
10811,385,Jacket,Clothing,4,1879,CANCELLED,2025-10-23
10812,147,Office Chair,Furniture,3,1432,CANCELLED,2025-08-27
10813,283,Sneakers,Footwear,2,3740,PENDING,2025-01-25
10814,243,Tablet,Electronics,3,3033,PENDING,2024-08-22
10815,171,Keyboard,Electronics,1,4053,PENDING,2024-12-29
10816,232,Sneakers,Footwear,3,4867,PENDING,2025-02-17
10817,342,Jeans,Clothing,1,610,PENDING,2024-10-24
10818,186,Electric Kettle,Home Appliances,5,2059,CANCELLED,2024-11-08
10819,153,Coffee Table,Furniture,2,4083,COMPLETED,2025-02-11
10820,300,Standing Desk,Furniture,5,2604,PENDING,2025-06-08
10821,216,Keyboard,Electronics,4,547,CANCELLED,2025-10-10
10822,163,Running Shoes,Footwear,2,3505,COMPLETED,2024-06-12
10823,331,Keyboard,Electronics,2,1754,CANCELLED,2024-06-29
10824,275,Microwave Oven,Home Appliances,1,1515,CANCELLED,2025-12-01
10825,326,Air Fryer,Home Appliances,3,747,PENDING,2025-08-10
10826,386,Microwave Oven,Home Appliances,1,3139,CANCELLED,2024-02-02
10827,321,Smartphone,Electronics,1,4751,PENDING,2025-11-10
10828,169,Tablet,Electronics,4,132,CANCELLED,2024-10-06
10829,176,Microwave Oven,Home Appliances,2,989,CANCELLED,2025-06-26
10830,332,Laptop,Electronics,4,1183,CANCELLED,2025-06-15
10831,276,Jeans,Clothing,4,4815,COMPLETED,2025-12-21
10832,113,Wireless Mouse,Electronics,2,957,COMPLETED,2024-09-06
10833,294,Backpack,Accessories,5,4058,CANCELLED,2024-06-11
10834,269,Air Fryer,Home Appliances,4,4419,CANCELLED,2024-11-26
10835,386,Smartphone,Electronics,5,1437,COMPLETED,2025-01-15
10836,207,Monitor,Electronics,2,4476,CANCELLED,2024-07-19
10837,343,Tablet,Electronics,1,1474,PENDING,2024-10-03
10838,352,Blender,Home Appliances,5,3096,CANCELLED,2024-10-02
10839,166,Office Chair,Furniture,2,1579,PENDING,2024-11-20
10840,270,Backpack,Accessories,2,2617,CANCELLED,2025-06-06
10841,257,Smartphone,Electronics,4,1654,PENDING,2025-12-01
10842,330,Travel Bag,Accessories,5,4662,COMPLETED,2024-04-19
10843,185,Backpack,Accessories,2,3280,PENDING,2025-04-28
10844,250,Standing Desk,Furniture,3,2862,COMPLETED,2025-09-10
10845,294,Running Shoes,Footwear,4,444,CANCELLED,2025-01-27
10846,193,Running Shoes,Footwear,4,1000,COMPLETED,2025-04-21
10847,196,Air Fryer,Home Appliances,1,1637,CANCELLED,2025-10-12
10848,181,Headphones,Electronics,5,1410,CANCELLED,2025-08-19
10849,334,Laptop,Electronics,1,2601,PENDING,2024-05-13
10850,297,Monitor,Electronics,5,3277,PENDING,2025-03-17
10851,284,Headphones,Electronics,5,2975,,2025-07-04
10852,381,Blender,Home Appliances,2,3881,CANCELLED,2024-11-07
10853,172,Air Fryer,Home Appliances,1,1068,CANCELLED,2025-08-07
10854,121,Electric Kettle,Home Appliances,4,4715,COMPLETED,2024-03-10
10855,301,Microwave Oven,Home Appliances,2,368,PENDING,2025-09-29
10856,141,Smartwatch,Electronics,4,1041,PENDING,2024-03-14
10857,130,Running Shoes,Footwear,4,2572,COMPLETED,2024-05-14
10858,237,Wireless Mouse,Electronics,1,2924,PENDING,2024-11-23
10859,292,Jeans,Clothing,4,4454,CANCELLED,2025-04-11
10860,323,Backpack,Accessories,4,4153,PENDING,2024-02-13
10861,290,Running Shoes,Footwear,1,4662,COMPLETED,2025-03-09
10862,266,Wireless Mouse,Electronics,1,3515,CANCELLED,2025-06-18
10863,362,Tablet,Electronics,3,731,PENDING,2024-09-15
10864,393,Smartphone,Electronics,3,1901,PENDING,2025-08-13
10865,389,Backpack,Accessories,5,1283,PENDING,2024-09-01
10866,136,Travel Bag,Accessories,4,2979,CANCELLED,2024-04-11
10867,111,Blender,Home Appliances,2,3556,PENDING,2024-02-13
10868,381,Bookshelf,Furniture,4,2277,CANCELLED,2024-12-28
10869,288,Bookshelf,Furniture,1,4401,COMPLETED,2025-11-05
10870,328,Microwave Oven,Home Appliances,3,651,COMPLETED,2024-12-07
10871,248,Office Chair,Furniture,4,2833,COMPLETED,2025-07-21
10872,374,Jacket,Clothing,2,3392,PENDING,2025-02-13
10873,221,Bookshelf,Furniture,1,3223,COMPLETED,2024-09-21
10874,183,Air Fryer,Home Appliances,5,3530,COMPLETED,2025-09-06
10875,123,Monitor,Electronics,4,1395,PENDING,2025-05-23
10876,264,Wireless Mouse,Electronics,4,557,CANCELLED,2024-04-08
10877,323,Running Shoes,Footwear,2,1495,CANCELLED,2024-07-04
10878,264,Bookshelf,Furniture,5,179,COMPLETED,2024-12-11
10879,195,Coffee Table,Furniture,1,2396,PENDING,2024-10-04
10880,366,Travel Bag,Accessories,3,4695,CANCELLED,2024-07-15
10881,132,Tablet,Electronics,1,4525,COMPLETED,2025-03-08
10882,275,Electric Kettle,Home Appliances,3,1312,PENDING,2025-02-24
10883,166,Backpack,Accessories,4,3284,CANCELLED,2025-04-25
10884,328,Travel Bag,Accessories,4,3696,CANCELLED,2024-09-12
10885,366,Jacket,Clothing,2,4405,CANCELLED,2024-09-07
10886,234,Wireless Mouse,Electronics,3,4492,CANCELLED,2025-05-27
10887,189,Keyboard,Electronics,2,2395,CANCELLED,2024-12-24
10888,372,Smartwatch,Electronics,3,1243,COMPLETED,2024-07-26
10889,175,Air Fryer,Home Appliances,3,2307,CANCELLED,2024-06-10
10890,158,Air Fryer,Home Appliances,1,2923,PENDING,2025-01-05
10891,379,Coffee Table,Furniture,5,1520,PENDING,2024-11-06
10892,207,Standing Desk,Furniture,5,4855,PENDING,2024-12-19
10893,354,Coffee Table,Furniture,3,4536,COMPLETED,2024-07-30
10894,244,Wireless Mouse,Electronics,5,3978,COMPLETED,2025-04-08
10895,160,Electric Kettle,Home Appliances,4,3430,PENDING,2025-06-24
10896,137,Office Chair,Furniture,4,1032,PENDING,2025-07-07
10897,157,Water Bottle,Accessories,2,1192,PENDING,2025-07-07
10898,375,Standing Desk,Furniture,4,1661,COMPLETED,2025-09-29
10899,363,Standing Desk,Furniture,3,3730,COMPLETED,2025-11-12
10900,228,Smartphone,Electronics,4,1303,CANCELLED,2024-08-23
10901,310,Keyboard,Electronics,2,4390,CANCELLED,2025-10-22
10902,311,Running Shoes,Footwear,4,2798,CANCELLED,2024-04-14
10903,106,Water Bottle,Accessories,3,2982,COMPLETED,2025-05-09
10904,266,Headphones,Electronics,4,135,PENDING,2024-05-12
10905,348,Air Fryer,Home Appliances,2,1874,CANCELLED,2024-11-11
10906,265,Bookshelf,Furniture,4,522,COMPLETED,2025-07-02
10907,308,Sneakers,Footwear,4,1329,CANCELLED,2024-11-24
10908,157,Jacket,Clothing,3,4979,PENDING,2024-05-04
10909,347,Travel Bag,Accessories,3,1462,PENDING,2025-02-24
10910,211,Tablet,Electronics,2,778,CANCELLED,2025-11-18
10911,182,Jeans,Clothing,1,2370,PENDING,2025-04-19
10912,157,Jacket,Clothing,1,3457,CANCELLED,2025-01-25
10913,157,Smartwatch,Electronics,4,4132,CANCELLED,2025-08-21
10914,252,Sneakers,Footwear,1,3716,CANCELLED,2024-08-07
10915,346,T-Shirt,Clothing,4,2550,CANCELLED,2025-02-17
10916,228,Office Chair,Furniture,2,4063,COMPLETED,2025-10-24
10917,199,Tablet,Electronics,4,3557,PENDING,2025-01-26
10918,136,Headphones,Electronics,4,3330,PENDING,2024-02-23
10919,284,Running Shoes,Footwear,3,4290,COMPLETED,2024-04-12
10920,318,Running Shoes,Footwear,2,4508,CANCELLED,2024-09-01
10921,374,Air Fryer,Home Appliances,3,4810,PENDING,2024-02-10
10922,357,Jacket,Clothing,1,4878,COMPLETED,2024-03-24
10923,208,Laptop,Electronics,3,353,CANCELLED,2025-08-07
10924,225,Tablet,Electronics,4,4444,CANCELLED,2024-01-19
10925,329,Bookshelf,Furniture,1,3188,CANCELLED,2024-02-29
10926,122,Sneakers,Footwear,3,3638,PENDING,2024-05-08
10927,392,Electric Kettle,Home Appliances,1,536,CANCELLED,2025-12-05
10928,310,Coffee Table,Furniture,4,4996,CANCELLED,2024-07-23
10929,153,Air Fryer,Home Appliances,4,3595,PENDING,2024-04-06
10930,295,Running Shoes,Footwear,2,4752,COMPLETED,2025-03-12
10931,320,Blender,Home Appliances,2,3122,COMPLETED,2024-06-13
10932,330,Monitor,Electronics,1,1788,PENDING,2025-03-27
10933,311,Coffee Table,Furniture,5,3500,COMPLETED,2025-12-27
10934,168,Air Fryer,Home Appliances,1,1265,COMPLETED,2025-04-21
10935,317,Water Bottle,Accessories,4,3536,CANCELLED,2025-09-12
10936,376,Keyboard,Electronics,1,1660,COMPLETED,2025-01-06
10937,188,Keyboard,Electronics,3,3297,CANCELLED,2025-02-19
10938,274,Keyboard,Electronics,5,3861,PENDING,2025-08-30
10939,221,Tablet,Electronics,1,1822,CANCELLED,2024-06-15
10940,329,Smartphone,Electronics,2,2139,PENDING,2025-11-16
10941,168,Water Bottle,Accessories,5,1728,CANCELLED,2024-09-04
10942,157,Microwave Oven,Home Appliances,5,3120,CANCELLED,2024-07-24
10943,207,Air Fryer,Home Appliances,2,4295,CANCELLED,2024-02-29
10944,234,Smartphone,Electronics,1,2145,,2025-02-17
10945,119,Backpack,Accessories,1,4373,COMPLETED,2025-04-02
10946,357,Air Fryer,Home Appliances,4,1613,CANCELLED,2024-03-31
10947,372,Office Chair,Furniture,4,914,CANCELLED,2025-11-23
10948,243,Microwave Oven,Home Appliances,5,3189,COMPLETED,2025-11-17
10949,193,Travel Bag,Accessories,4,4417,PENDING,2024-07-04
10950,181,Running Shoes,Footwear,2,2578,COMPLETED,2024-08-05
10951,386,Backpack,Accessories,2,873,PENDING,2025-07-08
10952,390,Tablet,Electronics,4,669,CANCELLED,2025-09-22
10953,375,Electric Kettle,Home Appliances,1,4833,COMPLETED,2024-08-05
10954,327,Smartphone,Electronics,2,4904,CANCELLED,2024-03-22
10955,225,Air Fryer,Home Appliances,2,900,COMPLETED,2025-02-22
10956,274,Electric Kettle,Home Appliances,5,3272,COMPLETED,2025-11-04
10957,329,Jacket,Clothing,2,402,PENDING,2024-12-24
10958,206,T-Shirt,Clothing,2,3970,CANCELLED,2025-10-24
10959,182,Headphones,Electronics,3,3350,COMPLETED,2024-04-06
10960,333,Keyboard,Electronics,2,4070,COMPLETED,2024-08-01
10961,236,Jacket,Clothing,2,1505,CANCELLED,2025-12-29
10962,235,Electric Kettle,Home Appliances,3,345,,2025-08-24
10963,224,Bookshelf,Furniture,5,3546,CANCELLED,2025-07-08
10964,313,Tablet,Electronics,3,3217,COMPLETED,2024-01-20
10965,156,Water Bottle,Accessories,2,991,COMPLETED,2024-09-09
10966,136,Travel Bag,Accessories,3,489,PENDING,2024-12-28
10967,229,Wireless Mouse,Electronics,4,1634,COMPLETED,2025-04-21
10968,215,Tablet,Electronics,2,3446,PENDING,2025-10-01
10969,110,Jacket,Clothing,1,3421,CANCELLED,2025-01-13
10970,111,Standing Desk,Furniture,4,2203,PENDING,2024-01-25
10971,338,Monitor,Electronics,3,813,COMPLETED,2025-01-04
10972,373,Standing Desk,Furniture,4,2423,PENDING,2025-02-10
10973,141,Tablet,Electronics,4,3724,PENDING,2025-09-28
10974,161,Keyboard,Electronics,1,1576,PENDING,2025-10-09
10975,306,Electric Kettle,Home Appliances,3,546,PENDING,2025-03-30
10976,339,Headphones,Electronics,1,3821,COMPLETED,2024-09-14
10977,339,Sneakers,Footwear,5,3244,PENDING,2024-04-01
10978,293,Electric Kettle,Home Appliances,1,2540,PENDING,2024-06-16
10979,383,Laptop,Electronics,1,2705,PENDING,2024-10-29
10980,181,Standing Desk,Furniture,3,2752,PENDING,2024-10-17
10981,128,Blender,Home Appliances,3,1118,COMPLETED,2025-12-21
10982,344,Blender,Home Appliances,4,2820,PENDING,2025-05-13
10983,389,Microwave Oven,Home Appliances,4,2582,CANCELLED,2024-01-17
10984,286,Wireless Mouse,Electronics,2,2004,COMPLETED,2025-01-20
10985,392,T-Shirt,Clothing,4,3287,CANCELLED,2025-12-29
10986,275,Smartphone,Electronics,4,217,CANCELLED,2024-04-23
10987,243,Office Chair,Furniture,5,262,CANCELLED,2025-11-27
10988,212,Headphones,Electronics,5,,COMPLETED,2024-07-20
10989,280,Jacket,Clothing,4,838,COMPLETED,2025-12-30
10990,316,Backpack,Accessories,5,3047,PENDING,2025-07-22
10991,215,Standing Desk,Furniture,5,2860,PENDING,2025-08-17
10992,252,Blender,Home Appliances,5,4838,COMPLETED,2024-06-20
10993,117,Air Fryer,Home Appliances,4,190,PENDING,2024-05-10
10994,208,Backpack,Accessories,1,463,COMPLETED,2025-03-24
10995,351,Smartwatch,Electronics,3,1807,PENDING,2025-03-18
10996,147,Standing Desk,Furniture,1,2288,CANCELLED,2024-07-06
10997,174,Blender,Home Appliances,4,2353,COMPLETED,2024-03-04
10998,400,Running Shoes,Footwear,1,1562,COMPLETED,2024-03-18
10999,291,Travel Bag,Accessories,1,763,CANCELLED,2025-06-12
11000,149,Headphones,Electronics,4,527,PENDING,2025-11-26
